"";"chage";"cedasp";"trtime";"hstudy";"numsib";"vacwrk";"sraven";"wealth";"male";"snum";"parhelp";"bookhom3";"lowcaste";"muslim";"medyrs";"medyrsq";"lachieve";"lsraven";"puaind";"lachpua"
"1";179;3;15;20;6;0;12;16;0;10;0;0;0;1;8;0,639999985694885;2,30258512496948;2,4849066734314;0;NA
"2";146;3;15;20;9;0;34;17;0;10;0;0;0;1;5;0,25;2,83321332931519;3,52636051177979;0;NA
"3";179;3;5;13;5;0;31;6;0;10;0;0;0;1;5;0,25;2,56494927406311;3,43398714065552;0;NA
"4";159;3;10;19;5;0;28;17;0;10;0;0;0;1;5;0,25;2,30258512496948;3,33220458030701;0;NA
"5";159;4;15;19;7;0;14;9;0;10;0;0;0;1;12;1,44000005722046;2,30258512496948;2,63905739784241;0;NA
"6";198;3;10;31;8;0;15;6;0;10;0;0;0;1;5;0,25;1,7917594909668;2,70805025100708;0;NA
"7";155;4;10;26;7;0;26;28;0;10;1;1;0;1;10;1;2,19722461700439;3,25809645652771;0;NA
"8";180;3;10;27;2;0;29;32;0;10;0;0;0;1;5;0,25;2,56494927406311;3,36729574203491;0;NA
"9";171;1;10;15;4;0;19;2;0;10;0;0;0;1;0;0;2,89037179946899;2,94443893432617;0;NA
"10";171;2;10;13;1;0;19;0,0719999969005585;0;10;0;0;0;1;0;0;1,7917594909668;2,94443893432617;0;NA
"11";146;6;1;14;6;0;16;9;0;10;1;0;0;1;8;0,639999985694885;1,7917594909668;2,7725887298584;0;NA
"12";159;3;15;13;4;1;23;8;0;10;1;0;0;1;10;1;2,39789533615112;3,13549423217773;0;NA
"13";171;6;10;15;8;0;9;6;0;10;0;0;0;1;0;0;2,0794415473938;2,19722461700439;0;NA
"14";185;2;10;19;8;0;30;6;0;10;0;0;0;1;5;0,25;1,0986123085022;3,40119743347168;0;NA
"15";172;3;10;21;6;0;33;17;0;10;1;0;0;1;5;0,25;2,0794415473938;3,49650764465332;0;NA
"16";163;4;10;13;4;0;18;15;0;10;1;1;0;1;8;0,639999985694885;2,0794415473938;2,89037179946899;0;NA
"17";179;3;10;20;6;0;19;22;0;10;1;1;0;1;5;0,25;2,83321332931519;2,94443893432617;0;NA
"18";177;4;10;17;3;0;18;6;0;10;1;0;0;1;10;1;2,19722461700439;2,89037179946899;0;NA
"19";170;3;10;21;7;0;22;11;0;10;1;0;0;1;5;0,25;2,19722461700439;3,09104251861572;0;NA
"20";202;2;10;15;6;0;12;6;0;10;0;0;0;1;5;0,25;2,56494927406311;2,4849066734314;0;NA
"21";146;2;5;22;7;1;17;6;0;10;0;0;0;1;5;0,25;1,7917594909668;2,83321332931519;0;NA
"22";168;2;20;17;3;0;28;5;0;10;0;0;0;0;8;0,639999985694885;2,19722461700439;3,33220458030701;0;NA
"23";145;4;20;13;10;0;24;4;0;10;0;0;0;0;5;0,25;2,30258512496948;3,178053855896;0;NA
"24";185;3;20;13;7;1;32;8;0;10;0;0;0;1;5;0,25;2,19722461700439;3,465735912323;0;NA
"25";159;3;10;12;5;0;26;9;0;10;1;0;0;0;8;0,639999985694885;2,0794415473938;3,25809645652771;0;NA
"26";168;6;10;19;4;0;18;12;1;15;0;0;0;0;8;0,639999985694885;2,89037179946899;2,89037179946899;0;NA
"27";152;6;1;18;2;0;25;9;0;15;0;0;0;0;12;1,44000005722046;2,30258512496948;3,21887588500977;0;NA
"28";161;4;2;38;5;0;12;7;1;15;0;0;0;0;5;0,25;2,99573230743408;2,4849066734314;0;NA
"29";192;4;7;20;3;1;7;5;1;15;0;0;1;0;0;0;0;1,94591009616852;0;NA
"30";204;3;10;38;3;1;40;12;0;18;1;0;0;0;12;1,44000005722046;2,19722461700439;3,68887948989868;0;NA
"31";148;4;5;13;7;0;26;26;0;18;1;1;0;0;8;0,639999985694885;2,4849066734314;3,25809645652771;0;NA
"32";176;3;10;28;3;0;23;20;0;18;1;0;1;0;5;0,25;1,60943794250488;3,13549423217773;0;NA
"33";168;6;10;49;6;0;28;4;0;18;1;0;0;1;5;0,25;1,60943794250488;3,33220458030701;0;NA
"34";176;3;5;20;6;0;17;10;0;18;1;0;1;0;5;0,25;2,0794415473938;2,83321332931519;0;NA
"35";150;6;15;18;3;0;41;23;0;18;1;0;0;0;14;1,96000003814697;2,70805025100708;3,71357202529907;0;NA
"36";168;2;15;14;8;0;8;9;0;18;1;0;0;1;0;0;2,30258512496948;2,0794415473938;0;NA
"37";154;5;10;18;3;0;21;11;0;18;0;0;0;1;0;0;2,70805025100708;3,04452252388;0;NA
"38";154;5;10;28;6;0;28;25;0;18;1;1;0;0;10;1;2,83321332931519;3,33220458030701;0;NA
"39";155;6;15;21;8;0;23;37;0;19;0;1;0;0;5;0,25;3,09104251861572;3,13549423217773;0;NA
"40";171;5;5;33;4;0;39;9;0;19;0;0;0;0;10;1;3,40119743347168;3,66356158256531;0;NA
"41";168;5;15;18;5;0;31;6;0;19;1;1;1;0;0;0;2,4849066734314;3,43398714065552;0;NA
"42";162;4;10;14;3;0;35;11;0;19;0;0;0;0;8;0,639999985694885;3,25809645652771;3,55534815788269;0;NA
"43";144;4;20;18;6;0;37;9;0;19;0;0;0;0;8;0,639999985694885;3,29583692550659;3,61091780662537;0;NA
"44";148;4;5;28;2;0;21;11;0;19;1;0;0;0;5;0,25;2,99573230743408;3,04452252388;0;NA
"45";176;4;1;34;3;0;31;40;0;19;0;1;0;0;5;0,25;3,36729574203491;3,43398714065552;0;NA
"46";163;6;5;24;4;0;27;32;0;19;1;0;0;0;12;1,44000005722046;3,21887588500977;3,29583692550659;0;NA
"47";146;6;5;28;3;0;21;9;0;19;0;1;0;0;8;0,639999985694885;2,30258512496948;3,04452252388;0;NA
"48";166;4;60;28;3;0;25;11;0;19;0;0;0;0;12;1,44000005722046;2,63905739784241;3,21887588500977;0;NA
"49";180;5;15;18;5;0;16;15;0;19;0;0;0;0;8;0,639999985694885;2,0794415473938;2,7725887298584;0;NA
"50";155;5;15;39;6;0;11;7;0;19;0;0;0;1;12;1,44000005722046;2,83321332931519;2,39789533615112;0;NA
"51";147;4;5;6;6;0;27;11;0;19;0;0;0;0;8;0,639999985694885;2,7725887298584;3,29583692550659;0;NA
"52";166;5;10;36;3;0;26;11;0;19;0;0;1;0;8;0,639999985694885;2,99573230743408;3,25809645652771;0;NA
"53";159;4;30;28;5;0;37;24;0;19;1;0;0;0;12;1,44000005722046;2,63905739784241;3,61091780662537;0;NA
"54";158;6;10;26;3;0;32;9;0;19;0;0;0;0;10;1;2,4849066734314;3,465735912323;0;NA
"55";153;6;15;26;4;0;29;10;0;19;0;0;0;0;8;0,639999985694885;2,30258512496948;3,36729574203491;0;NA
"56";158;6;5;32;3;0;35;9;0;19;0;0;1;0;0;0;3,52636051177979;3,55534815788269;0;NA
"57";168;5;10;21;6;0;19;11;0;19;1;1;1;0;10;1;2,4849066734314;2,94443893432617;0;NA
"58";147;4;10;21;4;0;15;26;0;19;0;0;0;0;10;1;2,70805025100708;2,70805025100708;0;NA
"59";150;4;15;28;5;0;11;10;0;19;1;0;0;0;5;0,25;2,30258512496948;2,39789533615112;0;NA
"60";168;6;30;18;4;0;23;23;0;19;1;0;0;0;0;0;2,63905739784241;3,13549423217773;0;NA
"61";156;2;10;23;4;0;21;1;0;19;0;0;0;0;8;0,639999985694885;2,7725887298584;3,04452252388;0;NA
"62";150;4;15;35;5;0;32;17;0;19;0;0;0;0;12;1,44000005722046;2,7725887298584;3,465735912323;0;NA
"63";150;4;5;39;5;0;41;37;0;19;0;0;0;0;10;1;2,7725887298584;3,71357202529907;0;NA
"64";156;5;10;36;5;0;26;9;0;19;0;0;0;0;8;0,639999985694885;2,39789533615112;3,25809645652771;0;NA
"65";198;3;15;14;6;0;15;10;0;19;0;0;0;1;10;1;2,94443893432617;2,70805025100708;0;NA
"66";144;4;20;26;9;0;26;11;0;20;1;0;0;0;10;1;3,21887588500977;3,25809645652771;0;NA
"67";153;2;15;21;6;0;27;9;0;20;0;0;0;1;5;0,25;2,70805025100708;3,29583692550659;0;NA
"68";159;4;15;12;9;0;41;11;0;20;1;0;0;0;10;1;2,39789533615112;3,71357202529907;0;NA
"69";156;4;30;35;7;0;40;19;0;20;1;1;1;0;5;0,25;2,89037179946899;3,68887948989868;0;NA
"70";169;5;15;11;3;0;27;21;0;20;1;0;0;0;14;1,96000003814697;2,30258512496948;3,29583692550659;0;NA
"71";156;5;30;25;4;0;31;10;0;20;0;0;1;0;5;0,25;2,83321332931519;3,43398714065552;0;NA
"72";171;5;30;26;4;0;29;9;0;20;0;0;0;1;5;0,25;2,30258512496948;3,36729574203491;0;NA
"73";171;5;30;17;8;0;27;10;0;20;0;0;1;0;0;0;2,63905739784241;3,29583692550659;0;NA
"74";158;2;5;10;7;0;31;10;0;20;1;0;0;0;8;0,639999985694885;2,4849066734314;3,43398714065552;0;NA
"75";158;4;20;24;3;0;26;6;0;20;1;0;0;0;8;0,639999985694885;3,04452252388;3,25809645652771;0;NA
"76";147;4;15;10;3;0;20;46;0;20;1;1;0;0;14;1,96000003814697;1,7917594909668;2,99573230743408;0;NA
"77";173;2;15;21;4;1;43;3;0;20;0;0;0;0;0;0;2,70805025100708;3,76120018959045;0;NA
"78";146;6;20;21;3;0;12;4;0;20;1;0;1;0;10;1;2,63905739784241;2,4849066734314;0;NA
"79";183;4;15;28;5;0;38;9;0;20;1;1;0;0;5;0,25;2,83321332931519;3,63758611679077;0;NA
"80";164;3;15;14;4;1;25;11;0;20;1;1;0;0;5;0,25;2,70805025100708;3,21887588500977;0;NA
"81";159;4;30;28;6;0;18;11;0;20;1;1;0;0;8;0,639999985694885;2,19722461700439;2,89037179946899;0;NA
"82";158;2;30;32;4;0;35;7;0;20;1;1;0;0;8;0,639999985694885;3,21887588500977;3,55534815788269;0;NA
"83";177;5;10;24;4;0;38;9;0;20;0;0;1;0;5;0,25;2,56494927406311;3,63758611679077;0;NA
"84";145;4;20;27;6;0;36;5;0;20;1;1;0;0;12;1,44000005722046;3,21887588500977;3,58351898193359;0;NA
"85";162;5;5;25;4;0;20;11;0;20;1;0;0;0;10;1;2,83321332931519;2,99573230743408;0;NA
"86";158;4;20;28;4;0;14;9;0;20;1;0;0;0;5;0,25;2,99573230743408;2,63905739784241;0;NA
"87";146;4;30;21;2;0;36;9;0;20;1;0;0;0;12;1,44000005722046;3,09104251861572;3,58351898193359;0;NA
"88";156;3;10;25;6;1;20;9;0;20;0;0;0;1;5;0,25;2,89037179946899;2,99573230743408;0;NA
"89";159;5;60;17;8;0;27;25;0;20;0;0;1;0;10;1;2,7725887298584;3,29583692550659;0;NA
"90";163;2;20;29;5;0;26;9;0;20;1;0;0;0;0;0;3,33220458030701;3,25809645652771;0;NA
"91";159;3;10;26;4;0;9;17;0;20;1;1;1;0;14;1,96000003814697;2,39789533615112;2,19722461700439;0;NA
"92";146;3;20;8;6;0;16;4;0;20;0;0;0;0;8;0,639999985694885;2,19722461700439;2,7725887298584;0;NA
"93";158;2;5;9;4;0;36;2;0;20;0;0;1;0;0;0;2,30258512496948;3,58351898193359;0;NA
"94";161;3;5;7;7;1;17;9;1;26;0;0;1;0;5;0,25;2,30258512496948;2,83321332931519;0;NA
"95";146;3;16;7;3;0;10;11;1;26;0;0;1;0;0;0;3,09104251861572;2,30258512496948;0;NA
"96";168;2;60;7;4;0;12;3;1;26;0;0;1;0;5;0,25;2,19722461700439;2,4849066734314;0;NA
"97";180;3;20;7;4;0;32;6;1;26;0;0;1;0;0;0;2,83321332931519;3,465735912323;0;NA
"98";204;2;60;2;4;0;20;6;1;26;0;0;0;1;5;0,25;0,6931471824646;2,99573230743408;0;NA
"99";149;3;15;36;5;1;22;4;1;26;1;0;0;0;10;1;3,21887588500977;3,09104251861572;0;NA
"100";170;3;30;2;3;0;4;7;1;26;1;0;1;0;0;0;1,0986123085022;1,3862943649292;0;NA
"101";176;5;25;33;3;0;18;17;1;26;1;0;0;1;12;1,44000005722046;2,63905739784241;2,89037179946899;0;NA
"102";168;2;16;6;8;1;13;6;0;27;0;0;0;1;0;0;1,7917594909668;2,56494927406311;0;NA
"103";204;3;20;8;5;1;11;4;0;27;0;0;1;0;0;0;1,94591009616852;2,39789533615112;0;NA
"104";174;2;30;14;8;1;33;8;0;27;0;0;0;1;5;0,25;2,30258512496948;3,49650764465332;0;NA
"105";159;2;20;13;8;1;18;9;0;27;0;0;1;0;0;0;2,94443893432617;2,89037179946899;0;NA
"106";152;3;3;30;7;1;28;11;0;27;0;0;0;1;0;0;2,83321332931519;3,33220458030701;0;NA
"107";162;4;5;17;4;0;21;7;0;27;1;0;0;1;12;1,44000005722046;2,30258512496948;3,04452252388;0;NA
"108";160;1;10;18;8;1;25;8;0;27;0;0;0;1;5;0,25;2,7725887298584;3,21887588500977;0;NA
"109";183;3;25;7;2;1;26;1;1;28;0;0;0;0;0;0;2,70805025100708;3,25809645652771;0;NA
"110";156;4;15;14;5;1;13;7;0;28;0;0;0;1;0;0;2,56494927406311;2,56494927406311;0;NA
"111";156;4;30;6;9;1;28;5;0;28;0;1;0;0;5;0,25;2,30258512496948;3,33220458030701;0;NA
"112";144;2;15;12;6;1;12;4;1;28;0;0;0;1;5;0,25;3,04452252388;2,4849066734314;0;NA
"113";168;1;10;19;6;0;17;7;1;28;1;0;0;0;0;0;3,13549423217773;2,83321332931519;0;NA
"114";144;3;15;7;4;0;12;9;1;28;1;0;1;0;5;0,25;1,60943794250488;2,4849066734314;0;NA
"115";168;2;10;7;5;1;13;8;1;28;1;0;0;1;5;0,25;2,83321332931519;2,56494927406311;0;NA
"116";168;3;15;34;7;1;33;9;1;28;1;1;1;1;8;0,639999985694885;2,63905739784241;3,49650764465332;0;NA
"117";204;1;30;21;5;1;10;1;1;28;0;0;0;0;0;0;0,6931471824646;2,30258512496948;0;NA
"118";169;6;15;28;2;0;12;11;1;28;1;0;0;1;10;1;2,70805025100708;2,4849066734314;0;NA
"119";186;6;20;13;5;0;10;3,20000004768372;1;28;0;0;0;1;0;0;2,19722461700439;2,30258512496948;0;NA
"120";204;6;10;7;4;1;18;8;0;28;0;0;0;1;5;0,25;2,0794415473938;2,89037179946899;0;NA
"121";180;1;15;13;3;0;13;4;1;28;1;1;0;1;5;0,25;2,19722461700439;2,56494927406311;0;NA
"122";168;4;30;18;6;1;17;9;1;28;0;0;0;0;5;0,25;2,39789533615112;2,83321332931519;0;NA
"123";156;6;10;21;4;1;31;8;0;28;0;1;0;0;5;0,25;3,29583692550659;3,43398714065552;0;NA
"124";192;2;5;10;4;0;20;6;0;29;0;0;1;0;5;0,25;2,30258512496948;2,99573230743408;0;NA
"125";170;3;10;8;7;1;11;22;0;29;0;0;0;0;10;1;2,7725887298584;2,39789533615112;0;NA
"126";144;2;5;34;3;1;27;5;0;29;1;0;0;0;8;0,639999985694885;2,30258512496948;3,29583692550659;0;NA
"127";168;2;20;20;4;0;18;3;0;29;0;0;0;1;5;0,25;2,0794415473938;2,89037179946899;0;NA
"128";168;3;10;20;6;0;13;3;0;29;0;0;0;0;0;0;1,60943794250488;2,56494927406311;0;NA
"129";156;2;15;28;5;1;18;7;0;29;1;0;0;1;0;0;2,0794415473938;2,89037179946899;0;NA
"130";168;5;15;21;4;0;31;9;0;29;1;0;1;0;0;0;2,19722461700439;3,43398714065552;0;NA
"131";182;3;15;20;5;0;15;11;0;29;1;0;1;0;0;0;1,94591009616852;2,70805025100708;0;NA
"132";168;3;10;16;5;1;16;3;0;29;0;0;0;0;5;0,25;1,94591009616852;2,7725887298584;0;NA
"133";159;4;20;17;6;0;32;3;0;29;1;0;0;0;0;0;1,94591009616852;3,465735912323;0;NA
"134";168;6;5;16;2;0;19;11;0;29;1;1;0;0;14;1,96000003814697;2,0794415473938;2,94443893432617;0;NA
"135";166;3;10;21;5;0;23;7;0;29;1;0;1;0;5;0,25;2,0794415473938;3,13549423217773;0;NA
"136";162;2;10;12;4;0;16;5;0;29;1;0;1;0;0;0;2,56494927406311;2,7725887298584;0;NA
"137";192;2;10;15;4;0;7;10;0;29;0;0;0;1;0;0;2,4849066734314;1,94591009616852;0;NA
"138";171;2;20;17;5;0;35;6;0;29;1;0;0;1;0;0;2,63905739784241;3,55534815788269;0;NA
"139";135;3;20;16;3;0;27;1;0;29;0;0;0;0;0;0;2,63905739784241;3,29583692550659;0;NA
"140";159;3;5;24;4;0;43;9;0;29;1;0;0;0;10;1;2,70805025100708;3,76120018959045;0;NA
"141";144;3;10;10;9;0;14;7,7519998550415;1;30;0;0;1;0;5;0,25;2,39789533615112;2,63905739784241;0;NA
"142";180;2;20;2;9;0;16;11;1;30;1;0;1;0;5;0,25;2,4849066734314;2,7725887298584;0;NA
"143";168;2;15;4;5;0;22;9;1;30;0;0;1;0;5;0,25;2,70805025100708;3,09104251861572;0;NA
"144";180;2;5;4;4;0;23;7;1;30;0;0;0;0;8;0,639999985694885;2,7725887298584;3,13549423217773;0;NA
"145";181;6;20;14;5;0;27;8;1;30;0;0;1;0;5;0,25;2,30258512496948;3,29583692550659;0;NA
"146";168;2;5;14;4;0;28;3;0;30;0;1;1;0;0;0;2,39789533615112;3,33220458030701;0;NA
"147";192;4;10;10;6;0;18;9,60000038146973;0;30;1;0;0;0;0;0;2,4849066734314;2,89037179946899;0;NA
"148";156;3;5;14;11;0;14;7;1;30;0;0;0;1;0;0;2,56494927406311;2,63905739784241;0;NA
"149";204;2;30;7;6;0;14;6;1;30;0;0;0;1;0;0;3,21887588500977;2,63905739784241;0;NA
"150";186;6;15;6;3;0;26;1;1;30;1;0;0;0;0;0;2,56494927406311;3,25809645652771;0;NA
"151";169;2;5;15;2;0;12;3;0;30;0;0;1;0;0;0;2,4849066734314;2,4849066734314;0;NA
"152";180;2;5;6;4;0;18;7;0;30;0;0;1;0;0;0;2,63905739784241;2,89037179946899;0;NA
"153";193;2;20;8;2;0;25;5;1;30;0;0;1;0;0;0;1,0986123085022;3,21887588500977;0;NA
"154";132;5;15;10;2;0;29;6;1;30;1;0;0;0;10;1;2,99573230743408;3,36729574203491;0;NA
"155";156;2;20;5;5;0;20;11;0;30;0;0;0;1;0;0;2,83321332931519;2,99573230743408;0;NA
"156";156;3;10;5;5;0;30;7;1;30;1;0;1;0;5;0,25;2,56494927406311;3,40119743347168;0;NA
"157";156;4;2;13;5;0;19;11;0;30;0;0;1;0;0;0;2,30258512496948;2,94443893432617;0;NA
"158";180;2;15;3;5;1;40;4;1;30;1;0;0;0;5;0,25;2,63905739784241;3,68887948989868;0;NA
"159";188;3;60;14;6;0;17;6;1;30;0;1;0;0;0;0;3,52636051177979;2,83321332931519;0;NA
"160";204;3;45;14;6;1;6;5;1;2;1;0;1;0;0;0;2,70805025100708;1,7917594909668;0;NA
"161";180;6;15;11;2;0;20;3;1;2;1;0;0;0;10;1;3,33220458030701;2,99573230743408;0;NA
"162";168;3;30;7;4;0;17;9;1;2;0;0;0;1;5;0,25;3,21887588500977;2,83321332931519;0;NA
"163";168;3;10;14;4;0;15;7;1;2;0;0;0;0;0;0;2,56494927406311;2,70805025100708;0;NA
"164";168;6;8;14;8;1;44;10;1;2;0;1;0;1;8;0,639999985694885;3,66356158256531;3,78418970108032;0;NA
"165";156;4;10;14;3;0;40;32;1;2;1;1;0;0;8;0,639999985694885;3,25809645652771;3,68887948989868;0;NA
"166";180;3;20;10;6;0;30;7;1;2;0;0;1;0;0;0;2,94443893432617;3,40119743347168;0;NA
"167";138;6;35;15;2;0;33;23;1;2;1;0;1;0;8;0,639999985694885;3,178053855896;3,49650764465332;0;NA
"168";156;4;20;18;4;0;38;17;1;2;0;1;0;0;8;0,639999985694885;3,82864141464233;3,63758611679077;0;NA
"169";148;6;3;4;6;0;33;26;1;2;1;1;1;0;10;1;3,33220458030701;3,49650764465332;0;NA
"170";159;4;15;14;3;0;35;17;1;2;1;0;0;0;12;1,44000005722046;3,04452252388;3,55534815788269;0;NA
"171";156;6;25;7;5;0;27;10;1;2;1;1;0;0;12;1,44000005722046;3,13549423217773;3,29583692550659;0;NA
"172";156;3;15;7;4;0;35;10;1;2;0;0;0;0;8;0,639999985694885;2,70805025100708;3,55534815788269;0;NA
"173";168;6;15;7;4;0;26;14;1;2;1;1;0;0;8;0,639999985694885;3,29583692550659;3,25809645652771;0;NA
"174";156;3;15;17;3;0;16;32;1;2;1;0;0;1;5;0,25;2,94443893432617;2,7725887298584;0;NA
"175";156;6;15;14;4;0;23;17;1;2;1;0;0;0;8;0,639999985694885;3,25809645652771;3,13549423217773;0;NA
"176";168;6;5;7;3;0;31;32;1;2;1;0;0;1;10;1;3,25809645652771;3,43398714065552;0;NA
"177";150;6;10;28;7;1;24;11;1;2;1;1;0;0;12;1,44000005722046;3,465735912323;3,178053855896;0;NA
"178";180;3;60;21;5;0;26;7;1;2;1;0;0;0;8;0,639999985694885;2,83321332931519;3,25809645652771;0;NA
"179";156;5;15;30;4;0;14;9;1;2;0;0;0;0;5;0,25;3,09104251861572;2,63905739784241;0;NA
"180";168;2;15;21;2;0;27;8;1;2;0;0;0;1;0;0;3,40119743347168;3,29583692550659;0;NA
"181";153;2;45;3;3;0;38;7;1;2;1;0;0;0;0;0;3,43398714065552;3,63758611679077;0;NA
"182";192;1;30;9;3;1;35;8;1;2;0;0;0;1;0;0;3,55534815788269;3,55534815788269;0;NA
"183";168;4;15;10;2;0;14;17;1;2;0;0;0;0;12;1,44000005722046;2,39789533615112;2,63905739784241;0;NA
"184";147;6;10;11;8;0;45;11;1;2;0;1;0;1;0;0;3,76120018959045;3,80666255950928;0;NA
"185";156;4;15;14;6;0;17;17;1;2;0;1;0;1;8;0,639999985694885;2,70805025100708;2,83321332931519;0;NA
"186";156;3;20;14;5;0;37;11;1;2;1;0;0;1;10;1;3,21887588500977;3,61091780662537;0;NA
"187";168;3;45;7;4;0;11;7;1;2;1;0;0;0;0;0;2,70805025100708;2,39789533615112;0;NA
"188";156;4;15;19;3;0;33;11;1;2;1;0;0;0;12;1,44000005722046;3,61091780662537;3,49650764465332;0;NA
"189";183;4;15;14;3;0;28;7;1;2;0;0;0;1;8;0,639999985694885;2,70805025100708;3,33220458030701;0;NA
"190";150;6;15;4;5;0;39;11;1;2;1;0;0;1;5;0,25;3,21887588500977;3,66356158256531;0;NA
"191";156;4;20;7;5;0;40;10;1;2;1;1;0;0;8;0,639999985694885;2,99573230743408;3,68887948989868;0;NA
"192";180;5;35;4;3;0;23;24;1;2;1;1;0;0;0;0;3,36729574203491;3,13549423217773;0;NA
"193";174;3;10;7;6;1;30;9;1;2;1;0;1;0;0;0;2,94443893432617;3,40119743347168;0;NA
"194";192;5;15;7;4;0;24;8;1;2;0;1;1;0;0;0;3,13549423217773;3,178053855896;0;NA
"195";154;2;45;12;5;1;24;1;1;2;0;0;0;1;0;0;3,55534815788269;3,178053855896;0;NA
"196";144;4;10;7;2;0;36;11;1;2;0;1;0;0;5;0,25;3,13549423217773;3,58351898193359;0;NA
"197";171;2;30;14;9;0;36;8;1;2;0;0;0;0;8;0,639999985694885;3,465735912323;3,58351898193359;0;NA
"198";180;5;45;5;4;0;27;9;1;2;0;1;0;0;5;0,25;3,40119743347168;3,29583692550659;0;NA
"199";180;4;10;17;7;0;34;8;1;2;1;1;0;1;10;1;2,19722461700439;3,52636051177979;0;NA
"200";164;4;5;14;4;0;27;30;1;2;1;0;0;0;14;1,96000003814697;3,21887588500977;3,29583692550659;0;NA
"201";147;6;15;7;7;1;20;9;1;2;0;0;0;1;0;0;2,7725887298584;2,99573230743408;0;NA
"202";144;6;10;35;2;0;40;32;1;2;1;1;0;0;16;2,55999994277954;3,25809645652771;3,68887948989868;0;NA
"203";168;6;8;14;6;0;21;17;1;2;1;1;0;1;10;1;2,94443893432617;3,04452252388;0;NA
"204";180;6;30;10;3;0;33;17;1;2;1;0;0;0;16;2,55999994277954;3,09104251861572;3,49650764465332;0;NA
"205";149;5;45;12;3;0;31;32;0;4;1;0;0;0;14;1,96000003814697;3,25809645652771;3,43398714065552;0;NA
"206";174;4;45;2;4;0;34;6;0;4;0;0;1;0;5;0,25;3,09104251861572;3,52636051177979;0;NA
"207";172;5;30;19;4;0;34;8;0;4;0;0;1;0;0;0;3,21887588500977;3,52636051177979;0;NA
"208";173;4;30;12;5;0;32;32;0;4;1;0;0;0;8;0,639999985694885;3,43398714065552;3,465735912323;0;NA
"209";170;5;30;21;4;0;30;32;0;4;1;1;1;0;10;1;3,61091780662537;3,40119743347168;0;NA
"210";157;4;25;22;2;0;45;22;0;4;0;0;0;0;10;1;3,43398714065552;3,80666255950928;0;NA
"211";222;3;20;11;7;0;24;8;0;4;1;1;1;0;5;0,25;2,89037179946899;3,178053855896;0;NA
"212";168;4;15;19;4;0;39;10;0;4;0;0;1;0;0;0;3,40119743347168;3,66356158256531;0;NA
"213";163;5;30;26;3;0;24;47;0;4;1;0;0;0;16;2,55999994277954;3,33220458030701;3,178053855896;0;NA
"214";172;5;25;18;3;0;29;29;0;4;1;0;0;0;12;1,44000005722046;3,58351898193359;3,36729574203491;0;NA
"215";156;4;30;6;4;0;42;16;0;4;0;1;0;0;14;1,96000003814697;3,43398714065552;3,7376697063446;0;NA
"216";163;3;60;6;4;0;18;26;0;4;1;1;1;0;0;0;2,94443893432617;2,89037179946899;0;NA
"217";168;4;16;5;3;0;31;8;0;4;1;0;0;0;12;1,44000005722046;2,4849066734314;3,43398714065552;0;NA
"218";152;4;15;4;2;0;35;3;0;4;1;0;0;1;10;1;2,7725887298584;3,55534815788269;0;NA
"219";153;6;45;11;2;0;20;30;0;4;1;0;0;0;14;1,96000003814697;2,70805025100708;2,99573230743408;0;NA
"220";149;6;45;13;4;0;23;17;0;4;1;0;0;0;14;1,96000003814697;3,29583692550659;3,13549423217773;0;NA
"221";170;4;15;7;5;0;23;32;0;4;1;1;0;1;12;1,44000005722046;3,13549423217773;3,13549423217773;0;NA
"222";146;5;30;8;3;0;23;32;0;4;1;1;0;0;12;1,44000005722046;3,33220458030701;3,13549423217773;0;NA
"223";132;6;60;18;4;0;20;11;0;4;0;0;0;0;12;1,44000005722046;3,13549423217773;2,99573230743408;0;NA
"224";159;6;15;20;4;0;41;52;0;4;0;0;0;0;14;1,96000003814697;3,33220458030701;3,71357202529907;0;NA
"225";159;5;20;8;5;0;32;34;0;4;0;1;0;0;8;0,639999985694885;3,36729574203491;3,465735912323;0;NA
"226";204;3;20;8;7;0;34;7;0;4;0;1;1;0;5;0,25;2,63905739784241;3,52636051177979;0;NA
"227";145;4;15;18;4;0;28;32;0;4;1;1;0;0;14;1,96000003814697;3,178053855896;3,33220458030701;0;NA
"228";165;6;40;18;5;0;34;32;0;4;0;1;0;0;14;1,96000003814697;3,465735912323;3,52636051177979;0;NA
"229";180;4;20;7;4;0;30;11;0;4;1;0;0;0;0;0;3,13549423217773;3,40119743347168;0;NA
"230";168;4;15;14;2;0;39;24;0;4;1;0;0;0;10;1;3,43398714065552;3,66356158256531;0;NA
"231";164;5;15;16;6;0;39;52;0;4;0;0;0;0;12;1,44000005722046;3,40119743347168;3,66356158256531;0;NA
"232";161;6;20;28;4;0;48;26;0;4;0;0;0;0;8;0,639999985694885;3,8712010383606;3,8712010383606;0;NA
"233";160;6;20;6;3;0;35;9;0;4;0;0;1;0;8;0,639999985694885;3,55534815788269;3,55534815788269;0;NA
"234";192;3;10;7;5;0;15;5;0;4;0;0;0;0;0;0;2,89037179946899;2,70805025100708;0;NA
"235";159;6;30;36;3;0;30;35;0;4;1;0;1;0;14;1,96000003814697;3,29583692550659;3,40119743347168;0;NA
"236";144;5;15;18;3;0;29;29;0;4;1;0;0;0;5;0,25;3,04452252388;3,36729574203491;0;NA
"237";149;6;30;10;4;0;32;22;0;4;1;0;0;0;5;0,25;3,43398714065552;3,465735912323;0;NA
"238";152;6;30;18;3;0;45;17;0;4;1;0;0;0;14;1,96000003814697;3,76120018959045;3,80666255950928;0;NA
"239";149;6;30;18;3;0;48;32;0;4;1;1;0;0;14;1,96000003814697;3,63758611679077;3,8712010383606;0;NA
"240";157;5;20;8;6;0;34;30;0;4;0;1;0;0;10;1;3,33220458030701;3,52636051177979;0;NA
"241";168;3;15;7;2;1;18;4;0;4;0;0;1;0;0;0;3,04452252388;2,89037179946899;0;NA
"242";148;5;40;18;4;0;43;10;0;4;0;0;0;0;0;0;3,21887588500977;3,76120018959045;0;NA
"243";168;6;20;12;3;0;31;9;0;4;1;0;1;0;5;0,25;2,63905739784241;3,43398714065552;0;NA
"244";155;5;30;20;2;0;35;37;0;4;1;0;0;0;16;2,55999994277954;3,29583692550659;3,55534815788269;0;NA
"245";171;4;10;32;3;0;20;9;1;5;1;0;0;0;8;0,639999985694885;2,63905739784241;2,99573230743408;0;NA
"246";150;6;15;22;4;1;35;11;1;5;0;0;1;0;5;0,25;2,7725887298584;3,55534815788269;0;NA
"247";175;6;5;22;5;1;30;9;1;5;0;0;0;0;0;0;2,89037179946899;3,40119743347168;0;NA
"248";176;3;5;40;3;0;37;6;1;5;0;0;1;0;0;0;3,21887588500977;3,61091780662537;0;NA
"249";207;4;10;7;4;0;34;7;1;5;1;0;0;0;14;1,96000003814697;2,94443893432617;3,52636051177979;0;NA
"250";162;3;18;14;3;0;23;6;1;5;0;1;0;1;5;0,25;2,30258512496948;3,13549423217773;0;NA
"251";164;3;3;21;2;0;11;6;1;5;1;0;0;0;5;0,25;3,04452252388;2,39789533615112;0;NA
"252";173;3;2;24;4;0;25;6;1;5;1;0;0;0;0;0;2,89037179946899;3,21887588500977;0;NA
"253";171;2;10;25;2;0;17;11;1;5;0;0;0;0;8;0,639999985694885;2,83321332931519;2,83321332931519;0;NA
"254";192;3;15;6;4;1;19;11;1;5;1;0;0;0;8;0,639999985694885;2,63905739784241;2,94443893432617;0;NA
"255";192;3;10;9;6;0;14;11;1;5;1;0;1;0;5;0,25;2,70805025100708;2,63905739784241;0;NA
"256";152;4;15;31;5;0;28;3;1;5;0;0;0;0;0;0;2,83321332931519;3,33220458030701;0;NA
"257";186;5;15;25;5;1;27;11;1;5;1;1;0;0;8;0,639999985694885;3,13549423217773;3,29583692550659;0;NA
"258";167;4;5;9;5;0;11;9;1;5;0;0;0;0;8;0,639999985694885;2,83321332931519;2,39789533615112;0;NA
"259";147;3;10;8;2;0;10;9;1;5;0;0;0;0;8;0,639999985694885;3,13549423217773;2,30258512496948;0;NA
"260";144;4;5;27;2;1;40;11;1;5;1;0;0;0;8;0,639999985694885;2,7725887298584;3,68887948989868;0;NA
"261";154;4;5;29;4;0;20;11;1;5;1;0;0;0;8;0,639999985694885;2,94443893432617;2,99573230743408;0;NA
"262";180;3;10;11;3;1;18;26;1;5;1;0;0;0;10;1;2,4849066734314;2,89037179946899;0;NA
"263";188;5;10;42;1;0;15;31;1;5;1;0;0;0;12;1,44000005722046;3,04452252388;2,70805025100708;0;NA
"264";177;5;2;33;2;1;27;17;1;5;1;0;0;0;12;1,44000005722046;2,89037179946899;3,29583692550659;0;NA
"265";183;3;10;26;2;1;12;4;1;5;0;0;0;0;0;0;2,30258512496948;2,4849066734314;0;NA
"266";192;2;5;22;5;1;12;11;1;5;1;0;0;0;10;1;3,04452252388;2,4849066734314;0;NA
"267";171;3;15;35;7;0;20;14;1;5;0;0;0;0;0;0;3,21887588500977;2,99573230743408;0;NA
"268";207;2;10;18;4;1;20;1;1;5;1;0;0;0;0;0;1,94591009616852;2,99573230743408;0;NA
"269";151;5;15;21;6;0;17;11;1;5;1;0;0;0;8;0,639999985694885;2,63905739784241;2,83321332931519;0;NA
"270";168;3;20;12;4;0;42;11;1;5;1;0;0;0;8;0,639999985694885;1,7917594909668;3,7376697063446;0;NA
"271";175;3;15;24;4;0;38;11;1;5;0;1;0;0;10;1;2,56494927406311;3,63758611679077;0;NA
"272";196;6;10;9;6;1;41;11;1;5;1;0;0;0;8;0,639999985694885;2,99573230743408;3,71357202529907;0;NA
"273";172;3;15;21;6;0;21;6,40000009536743;1;5;1;0;0;0;8;0,639999985694885;2,89037179946899;3,04452252388;0;NA
"274";157;3;5;18;5;1;20;6;1;5;0;0;0;0;0;0;2,0794415473938;2,99573230743408;0;NA
"275";174;6;15;17;4;1;37;11;1;5;0;0;1;0;5;0,25;2,70805025100708;3,61091780662537;0;NA
"276";157;3;5;24;5;1;26;6;1;5;0;0;1;0;0;0;2,7725887298584;3,25809645652771;0;NA
"277";204;3;15;21;2;1;15;8;1;5;0;0;0;0;5;0,25;3,21887588500977;2,70805025100708;0;NA
"278";192;3;15;34;5;0;34;9;1;5;1;0;0;0;10;1;2,70805025100708;3,52636051177979;0;NA
"279";162;3;30;21;4;0;19;14;1;6;0;0;0;0;10;1;3,71357202529907;2,94443893432617;0;NA
"280";173;6;60;12;11;1;19;9;1;6;1;0;0;1;12;1,44000005722046;2,7725887298584;2,94443893432617;0;NA
"281";170;5;10;28;4;0;31;26;1;6;1;1;0;0;5;0,25;3,33220458030701;3,43398714065552;0;NA
"282";151;6;15;34;3;0;35;15;1;6;1;1;0;1;14;1,96000003814697;3,66356158256531;3,55534815788269;0;NA
"283";164;4;20;15;11;1;37;67;1;6;0;0;0;1;8;0,639999985694885;3,40119743347168;3,61091780662537;0;NA
"284";159;5;15;22;4;0;33;9;1;6;1;1;0;0;8;0,639999985694885;3,36729574203491;3,49650764465332;0;NA
"285";146;4;15;9;4;1;25;32;1;6;1;0;0;1;15;2,25;2,39789533615112;3,21887588500977;0;NA
"286";156;5;30;30;4;0;43;32;1;6;1;1;0;0;14;1,96000003814697;2,94443893432617;3,76120018959045;0;NA
"287";156;6;20;29;5;0;14;52;1;6;0;1;0;1;10;1;3,40119743347168;2,63905739784241;0;NA
"288";156;6;15;27;5;0;26;12;1;6;1;1;0;1;10;1;3,36729574203491;3,25809645652771;0;NA
"289";186;5;60;12;5;1;15;37;1;6;1;1;0;1;12;1,44000005722046;2,83321332931519;2,70805025100708;0;NA
"290";185;2;15;14;6;1;10;6;1;6;0;0;0;1;0;0;2,7725887298584;2,30258512496948;0;NA
"291";157;6;5;38;8;0;37;32;1;6;0;1;1;0;8;0,639999985694885;3,21887588500977;3,61091780662537;0;NA
"292";160;5;15;42;5;0;15;7;1;6;0;0;0;1;0;0;2,70805025100708;2,70805025100708;0;NA
"293";168;4;15;24;4;0;36;15;1;6;1;0;0;1;10;1;3,13549423217773;3,58351898193359;0;NA
"294";170;2;15;28;4;0;23;45;1;6;0;0;0;0;8;0,639999985694885;3,63758611679077;3,13549423217773;0;NA
"295";177;3;45;24;6;0;31;32;1;6;0;0;0;0;8;0,639999985694885;3,29583692550659;3,43398714065552;0;NA
"296";154;6;15;19;2;0;31;17;1;6;1;1;0;0;12;1,44000005722046;3,13549423217773;3,43398714065552;0;NA
"297";156;5;15;22;6;0;37;29;1;6;1;0;0;1;10;1;3,178053855896;3,61091780662537;0;NA
"298";177;6;30;21;5;1;22;28;1;6;1;0;0;1;0;0;2,99573230743408;3,09104251861572;0;NA
"299";178;3;15;18;6;1;29;11;1;6;0;0;1;0;0;0;3,04452252388;3,36729574203491;0;NA
"300";159;4;15;30;4;0;22;32;1;6;1;1;0;1;10;1;2,83321332931519;3,09104251861572;0;NA
"301";159;6;5;36;4;0;32;8;1;6;0;1;0;0;8;0,639999985694885;3,33220458030701;3,465735912323;0;NA
"302";158;6;15;22;4;0;37;15;1;6;1;0;0;1;10;1;3,29583692550659;3,61091780662537;0;NA
"303";150;2;5;12;6;0;41;32;1;6;1;1;0;1;10;1;3,25809645652771;3,71357202529907;0;NA
"304";158;5;10;30;3;0;15;17;1;6;1;0;0;0;10;1;2,99573230743408;2,70805025100708;0;NA
"305";146;6;30;28;5;0;39;9;1;6;1;0;0;0;5;0,25;3,43398714065552;3,66356158256531;0;NA
"306";151;6;30;30;4;0;38;12;1;6;1;1;0;1;10;1;3,29583692550659;3,63758611679077;0;NA
"307";186;3;25;25;3;0;37;52;1;6;0;0;0;1;5;0,25;2,89037179946899;3,61091780662537;0;NA
"308";148;6;20;36;5;0;37;11;1;6;1;0;0;0;12;1,44000005722046;3,33220458030701;3,61091780662537;0;NA
"309";163;6;10;21;3;0;16;11;1;6;0;1;0;0;8;0,639999985694885;2,39789533615112;2,7725887298584;0;NA
"310";168;6;10;28;5;0;7;9;1;6;0;0;0;1;8;0,639999985694885;3,04452252388;1,94591009616852;0;NA
"311";159;6;15;20;3;0;37;11;1;6;1;0;1;0;5;0,25;3,25809645652771;3,61091780662537;0;NA
"312";171;6;25;30;6;0;39;11;1;6;1;0;1;0;5;0,25;3,85014748573303;3,66356158256531;0;NA
"313";156;5;10;20;5;0;41;11;1;6;1;1;0;1;16;2,55999994277954;3,29583692550659;3,71357202529907;0;NA
"314";151;6;5;28;4;0;33;17;1;6;1;1;0;0;0;0;2,99573230743408;3,49650764465332;0;NA
"315";150;5;20;21;3;1;29;18;1;6;1;0;0;0;5;0,25;3,04452252388;3,36729574203491;0;NA
"316";171;5;30;19;5;0;20;16;1;6;1;0;0;0;10;1;3,25809645652771;2,99573230743408;0;NA
"317";149;6;20;24;6;0;36;37;1;6;0;1;0;1;14;1,96000003814697;3,36729574203491;3,58351898193359;0;NA
"318";144;6;5;27;3;0;53;17;1;6;1;0;0;0;14;1,96000003814697;3,29583692550659;3,97029185295105;0;NA
"319";192;6;10;22;9;0;26;47;1;6;1;0;0;1;12;1,44000005722046;2,4849066734314;3,25809645652771;0;NA
"320";180;4;5;30;5;0;34;17;1;6;0;1;0;1;10;1;2,94443893432617;3,52636051177979;0;NA
"321";168;4;5;19;4;0;32;17;1;6;0;0;0;1;10;1;2,39789533615112;3,465735912323;0;NA
"322";159;5;15;28;4;1;29;11;1;6;1;0;1;0;5;0,25;2,99573230743408;3,36729574203491;0;NA
"323";148;5;20;22;3;1;30;10;1;6;0;0;1;0;14;1,96000003814697;2,89037179946899;3,40119743347168;0;NA
"324";171;6;5;28;5;0;41;8;1;6;1;0;1;0;10;1;2,94443893432617;3,71357202529907;0;NA
"325";152;6;20;5;5;0;28;26;1;11;1;0;0;0;10;1;2,83321332931519;3,33220458030701;0;NA
"326";135;3;30;28;3;0;14;9;1;11;1;0;0;1;0;0;2,89037179946899;2,63905739784241;0;NA
"327";154;4;15;8;4;1;27;16;1;11;1;0;0;1;14;1,96000003814697;3,33220458030701;3,29583692550659;0;NA
"328";150;3;15;6;6;1;20;5;1;11;1;0;1;0;0;0;3,13549423217773;2,99573230743408;0;NA
"329";188;2;30;10;1;1;19;1;1;11;0;0;0;0;0;0;2,7725887298584;2,94443893432617;0;NA
"330";144;4;10;40;3;0;37;15;1;11;1;0;1;0;0;0;2,94443893432617;3,61091780662537;0;NA
"331";170;3;20;27;9;0;24;8;1;11;1;0;0;1;0;0;2,99573230743408;3,178053855896;0;NA
"332";144;6;20;42;3;0;29;15;1;11;1;0;0;1;8;0,639999985694885;3,52636051177979;3,36729574203491;0;NA
"333";170;3;30;14;3;0;21;11;1;11;1;0;0;0;8;0,639999985694885;2,83321332931519;3,04452252388;0;NA
"334";180;4;15;30;4;0;23;10;1;11;1;0;0;1;0;0;2,30258512496948;3,13549423217773;0;NA
"335";158;3;30;12;5;0;21;11;1;11;1;0;0;0;8;0,639999985694885;2,70805025100708;3,04452252388;0;NA
"336";180;6;15;15;5;0;18;7;1;11;1;0;0;1;5;0,25;2,4849066734314;2,89037179946899;0;NA
"337";152;6;10;11;4;1;36;17;1;11;1;0;0;1;12;1,44000005722046;3,52636051177979;3,58351898193359;0;NA
"338";147;4;15;21;4;0;44;17;1;11;1;0;0;1;12;1,44000005722046;2,94443893432617;3,78418970108032;0;NA
"339";168;3;30;14;4;1;18;11;1;11;1;0;0;0;5;0,25;2,94443893432617;2,89037179946899;0;NA
"340";149;5;15;47;3;0;10;9;1;11;1;0;1;0;5;0,25;2,94443893432617;2,30258512496948;0;NA
"341";171;3;30;14;4;0;28;11;1;11;1;0;1;0;5;0,25;3,13549423217773;3,33220458030701;0;NA
"342";168;6;20;42;6;0;28;8;1;11;1;0;0;1;5;0,25;3,52636051177979;3,33220458030701;0;NA
"343";147;5;15;3;3;0;15;8;1;11;1;0;0;0;8;0,639999985694885;2,83321332931519;2,70805025100708;0;NA
"344";180;4;15;24;8;0;3;11;1;11;0;0;0;1;0;0;3,33220458030701;1,0986123085022;0;NA
"345";168;5;10;14;3;1;26;8;1;11;1;0;0;0;5;0,25;2,99573230743408;3,25809645652771;0;NA
"346";180;3;30;38;7;1;30;8;1;11;1;0;0;1;8;0,639999985694885;2,7725887298584;3,40119743347168;0;NA
"347";180;4;60;3;4;0;17;1;1;11;0;0;1;0;0;0;1,3862943649292;2,83321332931519;0;NA
"348";156;3;30;12;5;0;30;11;1;11;1;0;1;0;5;0,25;3,21887588500977;3,40119743347168;0;NA
"349";168;3;40;7;4;1;10;5;1;11;1;0;0;0;5;0,25;2,94443893432617;2,30258512496948;0;NA
"350";144;6;30;23;4;0;30;32;1;11;1;0;1;0;10;1;3,178053855896;3,40119743347168;0;NA
"351";180;3;45;5;3;0;23;2;1;11;0;0;1;0;5;0,25;2,39789533615112;3,13549423217773;0;NA
"352";152;4;5;34;3;0;46;9;1;12;1;0;0;0;12;1,44000005722046;2,94443893432617;3,82864141464233;0;NA
"353";197;6;15;30;4;1;41;17;1;12;0;0;0;0;10;1;2,56494927406311;3,71357202529907;0;NA
"354";172;4;15;20;3;0;27;9;1;12;1;0;0;0;5;0,25;2,7725887298584;3,29583692550659;0;NA
"355";152;5;15;2;6;0;17;5;1;12;0;1;0;0;8;0,639999985694885;2,63905739784241;2,83321332931519;0;NA
"356";181;3;15;12;4;0;25;7;1;12;0;0;1;0;0;0;2,89037179946899;3,21887588500977;0;NA
"357";150;6;30;15;4;1;40;16;1;12;0;0;0;0;8;0,639999985694885;3,25809645652771;3,68887948989868;0;NA
"358";162;6;60;21;4;0;35;11;1;12;1;0;0;0;12;1,44000005722046;3,178053855896;3,55534815788269;0;NA
"359";153;5;15;11;3;0;26;11;1;12;0;0;0;0;10;1;3,55534815788269;3,25809645652771;0;NA
"360";162;6;10;3;4;1;11;9;1;12;0;0;1;0;0;0;0,6931471824646;2,39789533615112;0;NA
"361";183;6;30;18;2;0;16;17;1;12;1;0;0;0;5;0,25;2,30258512496948;2,7725887298584;0;NA
"362";180;2;5;32;4;1;16;5;1;12;0;0;1;0;0;0;1,94591009616852;2,7725887298584;0;NA
"363";172;6;15;10;4;0;24;9;1;12;0;1;0;0;0;0;3,13549423217773;3,178053855896;0;NA
"364";186;4;5;16;3;0;20;7;1;12;0;0;1;0;0;0;2,70805025100708;2,99573230743408;0;NA
"365";152;4;25;15;3;0;37;11;1;12;0;0;0;0;8;0,639999985694885;3,21887588500977;3,61091780662537;0;NA
"366";145;5;10;10;4;0;15;17;1;12;1;1;0;0;14;1,96000003814697;3,13549423217773;2,70805025100708;0;NA
"367";154;5;15;46;4;0;12;25;1;12;1;1;0;0;10;1;3,13549423217773;2,4849066734314;0;NA
"368";160;6;10;24;5;0;34;9;1;12;0;1;0;1;5;0,25;2,94443893432617;3,52636051177979;0;NA
"369";163;6;15;49;3;0;32;9;1;12;0;0;0;0;0;0;3,465735912323;3,465735912323;0;NA
"370";153;6;10;19;5;0;33;25;1;12;1;1;0;0;12;1,44000005722046;3,36729574203491;3,49650764465332;0;NA
"371";144;3;20;7;4;0;8;7;1;12;0;0;0;0;0;0;1,94591009616852;2,0794415473938;0;NA
"372";151;6;20;31;2;0;32;11;1;12;1;0;0;0;12;1,44000005722046;2,94443893432617;3,465735912323;0;NA
"373";156;5;50;27;5;0;15;7;1;12;1;0;0;0;0;0;3,25809645652771;2,70805025100708;0;NA
"374";156;6;30;30;5;0;10;8;1;12;1;0;0;1;10;1;2,83321332931519;2,30258512496948;0;NA
"375";165;6;1;8;3;0;29;6;1;12;1;0;0;0;12;1,44000005722046;2,63905739784241;3,36729574203491;0;NA
"376";184;4;30;6;4;0;21;10;1;12;0;0;0;0;8;0,639999985694885;2,39789533615112;3,04452252388;0;NA
"377";156;6;10;15;5;0;27;7;1;12;0;0;1;0;10;1;2,89037179946899;3,29583692550659;0;NA
"378";180;4;35;14;3;1;30;9;1;12;0;0;0;0;5;0,25;2,19722461700439;3,40119743347168;0;NA
"379";154;6;30;9;5;0;23;36;1;12;1;0;0;0;5;0,25;3,09104251861572;3,13549423217773;0;NA
"380";156;4;30;18;3;0;14;26;1;12;1;0;0;0;8;0,639999985694885;3,04452252388;2,63905739784241;0;NA
"381";159;4;15;45;5;0;30;9;1;12;0;0;0;0;5;0,25;2,83321332931519;3,40119743347168;0;NA
"382";153;6;25;4;4;0;26;9;1;12;1;1;0;0;8;0,639999985694885;3,29583692550659;3,25809645652771;0;NA
"383";156;6;15;9;7;0;28;9;1;12;1;0;0;0;0;0;2,39789533615112;3,33220458030701;0;NA
"384";162;5;15;18;4;0;16;7;1;12;0;0;0;0;0;0;2,39789533615112;2,7725887298584;0;NA
"385";168;3;8;21;4;0;41;9;1;12;1;1;0;1;0;0;2,70805025100708;3,71357202529907;0;NA
"386";168;6;15;14;4;0;24;8;0;13;0;0;1;0;0;0;2,19722461700439;3,178053855896;0;NA
"387";161;6;15;8;2;0;31;26;0;13;1;1;0;0;10;1;3,36729574203491;3,43398714065552;0;NA
"388";180;3;30;25;6;1;17;6;0;13;1;1;0;0;0;0;2,94443893432617;2,83321332931519;0;NA
"389";168;6;15;6;3;0;17;32;0;13;1;0;0;0;12;1,44000005722046;2,39789533615112;2,83321332931519;0;NA
"390";198;4;45;9;3;0;32;5;0;13;0;0;0;0;0;0;3,09104251861572;3,465735912323;0;NA
"391";180;5;15;15;5;0;23;9;0;13;0;0;1;0;8;0,639999985694885;1,7917594909668;3,13549423217773;0;NA
"392";162;4;15;10;8;0;39;3;0;13;1;0;0;0;10;1;2,4849066734314;3,66356158256531;0;NA
"393";155;6;45;21;4;0;27;32;0;13;1;0;0;0;12;1,44000005722046;2,4849066734314;3,29583692550659;0;NA
"394";144;5;15;13;5;1;11;7;0;13;1;0;1;0;10;1;2,99573230743408;2,39789533615112;0;NA
"395";156;3;25;0;4;0;11;9;0;13;0;1;0;0;8;0,639999985694885;2,30258512496948;2,39789533615112;0;NA
"396";156;2;15;18;8;0;10;9;0;13;1;0;1;0;5;0,25;2,19722461700439;2,30258512496948;0;NA
"397";156;4;20;28;3;0;41;9;0;13;1;0;0;0;12;1,44000005722046;2,63905739784241;3,71357202529907;0;NA
"398";153;3;15;18;5;0;33;3;0;13;1;0;0;0;8;0,639999985694885;2,99573230743408;3,49650764465332;0;NA
"399";192;3;15;9;3;1;26;6;0;13;0;0;1;0;0;0;1,94591009616852;3,25809645652771;0;NA
"400";159;4;30;18;5;0;26;32;0;13;1;0;1;0;12;1,44000005722046;2,7725887298584;3,25809645652771;0;NA
"401";156;4;15;12;4;0;22;7;0;13;0;0;1;0;10;1;2,0794415473938;3,09104251861572;0;NA
"402";144;4;20;30;4;0;27;7;0;13;0;0;1;0;5;0,25;3,09104251861572;3,29583692550659;0;NA
"403";156;3;20;7;2;0;13;8;0;13;0;0;1;0;5;0,25;2,19722461700439;2,56494927406311;0;NA
"404";144;2;30;6;5;0;12;11;0;13;0;0;0;0;5;0,25;2,83321332931519;2,4849066734314;0;NA
"405";144;6;30;14;5;1;20;9;0;13;1;0;1;0;8;0,639999985694885;2,39789533615112;2,99573230743408;0;NA
"406";146;4;15;6;3;0;18;22;0;13;0;1;0;0;16;2,55999994277954;2,89037179946899;2,89037179946899;0;NA
"407";170;4;30;27;4;0;32;7;0;13;1;0;1;0;8;0,639999985694885;2,63905739784241;3,465735912323;0;NA
"408";156;3;30;15;4;0;14;37;0;13;1;0;0;0;8;0,639999985694885;2,89037179946899;2,63905739784241;0;NA
"409";171;6;30;14;6;0;42;11;0;13;1;0;0;0;10;1;2,94443893432617;3,7376697063446;0;NA
"410";163;5;20;20;3;0;37;26;0;13;0;0;0;0;14;1,96000003814697;3,21887588500977;3,61091780662537;0;NA
"411";179;4;15;4;8;0;24;4;0;13;1;0;0;0;10;1;2,30258512496948;3,178053855896;0;NA
"412";158;4;20;10;4;0;27;5;0;13;1;0;0;0;8;0,639999985694885;2,7725887298584;3,29583692550659;0;NA
"413";162;2;15;18;3;0;45;5;0;13;1;0;0;0;8;0,639999985694885;3,13549423217773;3,80666255950928;0;NA
"414";145;4;15;34;4;0;12;11;0;13;1;0;0;0;10;1;3,178053855896;2,4849066734314;0;NA
"415";145;4;20;25;3;0;18;17;0;13;1;0;0;0;12;1,44000005722046;3,33220458030701;2,89037179946899;0;NA
"416";156;3;20;30;6;0;34;9;0;13;1;0;0;0;10;1;3,04452252388;3,52636051177979;0;NA
"417";161;3;15;20;3;0;20;10;0;13;1;0;0;0;8;0,639999985694885;2,94443893432617;2,99573230743408;0;NA
"418";161;5;15;18;5;0;30;11;0;13;1;0;1;0;10;1;2,94443893432617;3,40119743347168;0;NA
"419";166;5;20;36;5;0;26;32;0;13;0;0;0;0;5;0,25;3,465735912323;3,25809645652771;0;NA
"420";156;3;30;20;3;0;19;8;0;13;1;0;0;0;8;0,639999985694885;2,56494927406311;2,94443893432617;0;NA
"421";163;6;20;10;3;0;22;15;0;13;1;0;0;0;10;1;3,178053855896;3,09104251861572;0;NA
"422";163;5;30;10;5;0;46;9;0;13;0;0;0;0;10;1;2,63905739784241;3,82864141464233;0;NA
"423";168;4;45;9;4;0;16;30;0;13;0;0;0;0;10;1;2,63905739784241;2,7725887298584;0;NA
"424";144;5;30;24;5;0;43;11;0;13;1;0;0;0;8;0,639999985694885;2,56494927406311;3,76120018959045;0;NA
"425";168;3;30;18;5;0;31;5;0;13;0;0;0;0;5;0,25;2,19722461700439;3,43398714065552;0;NA
"426";161;5;30;31;4;0;39;32;0;14;0;0;0;0;10;1;3,29583692550659;3,66356158256531;0;NA
"427";157;6;5;35;3;0;41;32;0;14;1;0;0;0;12;1,44000005722046;2,63905739784241;3,71357202529907;0;NA
"428";161;4;10;28;3;0;47;12;0;14;0;0;0;0;8;0,639999985694885;3,25809645652771;3,85014748573303;0;NA
"429";163;4;10;20;3;0;27;32;0;14;1;0;0;0;14;1,96000003814697;3,33220458030701;3,29583692550659;0;NA
"430";150;4;10;35;3;0;24;24;0;14;1;0;0;0;12;1,44000005722046;2,7725887298584;3,178053855896;0;NA
"431";148;6;30;35;2;0;43;32;0;14;1;0;0;0;14;1,96000003814697;3,58351898193359;3,76120018959045;0;NA
"432";148;6;15;16;2;0;30;8;0;14;0;0;0;0;5;0,25;2,7725887298584;3,40119743347168;0;NA
"433";157;6;10;10;4;1;26;17;0;14;1;0;0;0;14;1,96000003814697;2,39789533615112;3,25809645652771;0;NA
"434";150;6;30;35;3;1;37;9;0;14;0;0;0;0;14;1,96000003814697;3,29583692550659;3,61091780662537;0;NA
"435";144;6;20;19;3;0;19;32;0;14;1;0;0;0;12;1,44000005722046;3,21887588500977;2,94443893432617;0;NA
"436";148;6;20;24;4;0;23;24;0;14;0;0;0;0;8;0,639999985694885;3,09104251861572;3,13549423217773;0;NA
"437";175;4;15;35;4;0;33;32;0;14;0;0;0;0;10;1;3,25809645652771;3,49650764465332;0;NA
"438";158;4;10;26;3;0;38;32;0;14;1;0;0;0;10;1;3,61091780662537;3,63758611679077;0;NA
"439";167;4;15;6;3;0;28;5;0;14;1;0;0;0;10;1;2,94443893432617;3,33220458030701;0;NA
"440";148;4;5;21;2;0;37;15;0;14;1;0;0;0;14;1,96000003814697;3,178053855896;3,61091780662537;0;NA
"441";148;6;60;28;3;0;24;52;0;14;1;0;0;0;12;1,44000005722046;3,09104251861572;3,178053855896;0;NA
"442";159;4;15;23;4;1;29;16;0;14;1;0;0;0;5;0,25;2,4849066734314;3,36729574203491;0;NA
"443";152;4;30;21;3;0;39;31;0;14;1;0;0;0;12;1,44000005722046;3,25809645652771;3,66356158256531;0;NA
"444";154;4;10;21;4;0;20;30;0;14;1;0;1;0;10;1;2,63905739784241;2,99573230743408;0;NA
"445";144;6;15;23;2;0;27;11;0;14;0;0;0;0;12;1,44000005722046;3,25809645652771;3,29583692550659;0;NA
"446";146;6;25;10;5;0;46;14;0;14;1;1;0;0;16;2,55999994277954;3,58351898193359;3,82864141464233;0;NA
"447";159;5;55;14;3;0;28;9;0;14;1;0;0;0;12;1,44000005722046;3,178053855896;3,33220458030701;0;NA
"448";162;6;15;30;4;0;36;9;0;14;1;0;0;1;12;1,44000005722046;3,33220458030701;3,58351898193359;0;NA
"449";159;3;15;28;3;0;49;8;0;14;1;0;0;0;10;1;3,13549423217773;3,89182019233704;0;NA
"450";162;6;15;42;5;0;37;47;0;14;0;0;1;0;5;0,25;3,25809645652771;3,61091780662537;0;NA
"451";156;5;15;10;2;0;37;23;0;14;1;0;0;0;10;1;3,61091780662537;3,61091780662537;0;NA
"452";167;6;5;6;3;0;37;21;0;14;1;0;0;0;12;1,44000005722046;3,36729574203491;3,61091780662537;0;NA
"453";155;4;30;28;3;0;36;9;0;14;0;0;1;0;8;0,639999985694885;3,33220458030701;3,58351898193359;0;NA
"454";148;6;15;42;3;0;22;32;0;14;1;0;0;0;16;2,55999994277954;2,89037179946899;3,09104251861572;0;NA
"455";150;5;10;11;4;0;32;15;0;14;1;0;1;0;12;1,44000005722046;3,04452252388;3,465735912323;0;NA
"456";147;5;30;14;4;0;32;11;0;14;1;0;1;0;8;0,639999985694885;2,99573230743408;3,465735912323;0;NA
"457";144;5;15;52;3;0;40;8;0;14;0;0;0;0;8;0,639999985694885;3,21887588500977;3,68887948989868;0;NA
"458";144;4;30;13;6;0;35;8;0;14;1;0;0;0;10;1;2,83321332931519;3,55534815788269;0;NA
"459";156;6;20;14;3;1;13;11;0;14;1;0;0;0;10;1;1,7917594909668;2,56494927406311;0;NA
"460";161;3;10;14;4;0;31;7;0;14;1;1;1;0;0;0;2,56494927406311;3,43398714065552;0;NA
"461";157;6;10;21;2;0;25;31;0;14;1;0;0;0;14;1,96000003814697;3,78418970108032;3,21887588500977;0;NA
"462";160;3;15;10;3;0;34;5;0;14;1;1;0;0;12;1,44000005722046;3,21887588500977;3,52636051177979;0;NA
"463";157;4;10;42;4;0;42;10;0;14;1;0;0;0;14;1,96000003814697;3,55534815788269;3,7376697063446;0;NA
"464";159;5;10;37;3;0;28;5;0;14;1;1;0;0;5;0,25;3,29583692550659;3,33220458030701;0;NA
"465";164;6;30;21;4;0;22;10;0;14;1;0;0;0;12;1,44000005722046;3,66356158256531;3,09104251861572;0;NA
"466";147;6;10;49;4;0;44;32;0;16;1;0;0;0;14;1,96000003814697;3,52636051177979;3,78418970108032;0;NA
"467";147;6;10;42;4;0;39;52;0;16;1;0;1;0;12;1,44000005722046;3,21887588500977;3,66356158256531;0;NA
"468";157;6;10;22;4;0;31;9;0;16;1;1;0;1;8;0,639999985694885;3,25809645652771;3,43398714065552;0;NA
"469";160;1;10;28;3;0;51;9;0;16;0;1;0;0;8;0,639999985694885;3,7376697063446;3,93182563781738;0;NA
"470";165;5;10;28;4;0;52;7;0;16;0;1;0;0;5;0,25;3,58351898193359;3,95124363899231;0;NA
"471";186;3;20;28;5;0;27;7;0;16;0;0;0;0;8;0,639999985694885;3,21887588500977;3,29583692550659;0;NA
"472";153;4;10;15;5;1;32;11;0;16;1;0;0;0;12;1,44000005722046;2,63905739784241;3,465735912323;0;NA
"473";159;6;15;21;4;0;40;23;0;16;1;1;1;0;8;0,639999985694885;3,09104251861572;3,68887948989868;0;NA
"474";159;6;10;18;3;0;27;32;0;16;1;0;0;0;12;1,44000005722046;2,89037179946899;3,29583692550659;0;NA
"475";148;6;15;42;4;0;32;11;0;16;0;0;0;0;10;1;2,99573230743408;3,465735912323;0;NA
"476";148;5;5;21;2;0;44;37;0;16;1;0;0;0;14;1,96000003814697;3,55534815788269;3,78418970108032;0;NA
"477";189;3;15;35;7;0;23;9;0;16;0;0;0;1;8;0,639999985694885;2,89037179946899;3,13549423217773;0;NA
"478";163;4;10;20;7;0;30;17;0;16;0;0;0;1;8;0,639999985694885;3,09104251861572;3,40119743347168;0;NA
"479";166;6;10;18;5;0;26;17;0;16;1;1;0;1;12;1,44000005722046;2,94443893432617;3,25809645652771;0;NA
"480";147;6;2;18;7;0;19;11;0;16;0;0;0;1;8;0,639999985694885;3,36729574203491;2,94443893432617;0;NA
"481";156;6;10;21;6;0;36;16;0;16;0;0;0;1;5;0,25;2,99573230743408;3,58351898193359;0;NA
"482";149;6;3;21;3;0;44;6;0;16;0;0;0;0;14;1,96000003814697;3,178053855896;3,78418970108032;0;NA
"483";167;6;5;8;4;0;28;32;0;16;0;0;1;0;5;0,25;2,7725887298584;3,33220458030701;0;NA
"484";159;5;5;28;2;0;36;10;0;16;1;0;0;0;14;1,96000003814697;3,29583692550659;3,58351898193359;0;NA
"485";156;3;15;35;6;0;36;11;0;16;1;0;1;0;8;0,639999985694885;2,63905739784241;3,58351898193359;0;NA
"486";135;5;10;33;3;0;34;25;0;16;1;0;0;0;14;1,96000003814697;3,21887588500977;3,52636051177979;0;NA
"487";171;3;5;42;5;0;37;11;0;16;0;0;0;1;10;1;2,4849066734314;3,61091780662537;0;NA
"488";144;6;10;21;4;0;30;52;0;16;1;0;0;1;10;1;3,25809645652771;3,40119743347168;0;NA
"489";169;6;60;35;3;0;30;7;0;16;1;0;0;0;10;1;3,29583692550659;3,40119743347168;0;NA
"490";156;4;20;21;7;0;26;32;0;16;1;1;0;1;12;1,44000005722046;2,99573230743408;3,25809645652771;0;NA
"491";168;4;5;10;3;0;19;36;0;16;1;0;0;0;10;1;3,71357202529907;2,94443893432617;0;NA
"492";161;4;5;21;1;0;36;16;0;16;1;0;0;1;14;1,96000003814697;2,99573230743408;3,58351898193359;0;NA
"493";170;5;30;28;3;0;33;32;0;16;1;0;0;0;10;1;2,94443893432617;3,49650764465332;0;NA
"494";164;4;15;20;4;0;34;9;0;16;1;0;0;0;10;1;3,04452252388;3,52636051177979;0;NA
"495";156;4;5;21;6;0;18;11;0;16;1;0;0;1;8;0,639999985694885;2,4849066734314;2,89037179946899;0;NA
"496";164;3;5;28;2;0;38;8;0;16;0;0;0;0;5;0,25;2,94443893432617;3,63758611679077;0;NA
"497";163;3;10;20;7;0;38;7;0;16;0;0;0;1;5;0,25;2,7725887298584;3,63758611679077;0;NA
"498";183;4;3;9;6;0;41;7;0;16;0;0;0;1;8;0,639999985694885;3,43398714065552;3,71357202529907;0;NA
"499";146;6;5;21;7;0;25;11;0;16;0;0;0;1;8;0,639999985694885;1,60943794250488;3,21887588500977;0;NA
"500";159;4;10;18;9;0;25;15;0;16;1;0;0;1;8;0,639999985694885;2,89037179946899;3,21887588500977;0;NA
"501";151;6;5;30;4;1;40;52;0;16;1;0;0;0;14;1,96000003814697;2,56494927406311;3,68887948989868;0;NA
"502";167;4;10;42;5;0;42;9;0;16;0;0;1;0;0;0;2,94443893432617;3,7376697063446;0;NA
"503";178;5;15;34;5;0;55;32;0;16;1;0;0;0;5;0,25;3,04452252388;4,00733327865601;0;NA
"504";150;3;5;28;5;0;44;11;0;16;1;0;0;0;10;1;3,21887588500977;3,78418970108032;0;NA
"505";149;6;10;23;2;0;39;17;0;16;1;0;0;0;14;1,96000003814697;3,09104251861572;3,66356158256531;0;NA
"506";163;4;5;42;3;0;34;11;0;16;1;0;0;0;10;1;2,70805025100708;3,52636051177979;0;NA
"507";179;6;15;38;3;0;38;32;0;16;1;0;1;0;15;2,25;3,21887588500977;3,63758611679077;0;NA
"508";157;6;10;21;4;0;18;11;0;16;1;1;0;1;8;0,639999985694885;2,70805025100708;2,89037179946899;0;NA
"509";156;5;2;44;4;0;46;26;1;16;1;1;0;1;12;1,44000005722046;3,43398714065552;3,82864141464233;0;NA
"510";162;4;5;13;5;0;25;52;0;16;1;0;0;0;10;1;2,89037179946899;3,21887588500977;0;NA
"511";161;4;20;43;2;0;36;10;0;16;1;0;0;0;8;0,639999985694885;2,99573230743408;3,58351898193359;0;NA
"512";160;4;15;21;6;0;40;32;0;16;1;0;0;0;8;0,639999985694885;2,63905739784241;3,68887948989868;0;NA
"513";181;4;15;35;5;1;28;4;1;25;0;0;0;1;8;0,639999985694885;2,89037179946899;3,33220458030701;0;NA
"514";154;4;15;21;4;1;18;8;1;25;0;0;0;1;0;0;2,83321332931519;2,89037179946899;0;NA
"515";184;6;10;28;6;1;35;21;1;25;1;0;0;1;5;0,25;2,94443893432617;3,55534815788269;0;NA
"516";144;5;10;11;7;0;35;11;1;25;1;0;0;1;8;0,639999985694885;3,09104251861572;3,55534815788269;0;NA
"517";147;2;5;36;4;0;16;9;1;25;0;0;0;1;5;0,25;2,83321332931519;2,7725887298584;0;NA
"518";158;5;15;36;6;0;36;8;1;25;0;0;0;1;5;0,25;2,89037179946899;3,58351898193359;0;NA
"519";173;6;15;18;4;0;18;6;1;25;0;0;0;1;5;0,25;2,70805025100708;2,89037179946899;0;NA
"520";171;4;15;24;6;1;42;6;1;25;0;0;0;1;0;0;2,39789533615112;3,7376697063446;0;NA
"521";180;5;5;18;6;1;28;8;1;25;0;0;0;1;5;0,25;2,99573230743408;3,33220458030701;0;NA
"522";129;6;15;19;6;0;18;4;1;25;1;0;0;1;10;1;3,04452252388;2,89037179946899;0;NA
"523";168;2;12;24;2;0;19;5;1;25;1;1;0;1;0;0;1,94591009616852;2,94443893432617;0;NA
"524";183;3;15;16;4;1;19;6;1;25;0;1;0;1;0;0;2,19722461700439;2,94443893432617;0;NA
"525";156;6;20;12;3;0;13;18;1;25;1;1;0;1;12;1,44000005722046;2,19722461700439;2,56494927406311;0;NA
"526";174;3;20;31;5;0;19;9;1;25;0;1;0;1;12;1,44000005722046;2,99573230743408;2,94443893432617;0;NA
"527";180;3;5;18;5;0;19;6,40000009536743;1;25;0;1;0;1;0;0;2,70805025100708;2,94443893432617;0;NA
"528";174;3;15;18;3;1;6;8;1;25;1;1;0;1;10;1;2,94443893432617;1,7917594909668;0;NA
"529";175;4;20;21;5;0;18;9;1;25;0;0;0;1;0;0;3,04452252388;2,89037179946899;0;NA
"530";180;2;20;24;5;0;16;9;1;25;1;0;0;1;5;0,25;2,56494927406311;2,7725887298584;0;NA
"531";173;5;21;21;4;0;35;9;1;25;1;0;0;1;12;1,44000005722046;3,33220458030701;3,55534815788269;0;NA
"532";180;4;20;30;5;1;11;9;1;25;1;0;0;1;8;0,639999985694885;2,39789533615112;2,39789533615112;0;NA
"533";168;3;20;34;4;0;5;4;1;25;0;0;0;1;0;0;2,89037179946899;1,60943794250488;0;NA
"534";175;6;15;33;5;0;17;12;1;25;1;1;0;1;12;1,44000005722046;2,89037179946899;2,83321332931519;0;NA
"535";186;4;10;28;5;0;35;3;1;25;0;0;0;1;0;0;2,7725887298584;3,55534815788269;0;NA
"536";175;5;10;28;6;0;21;7;1;25;0;1;0;1;0;0;3,09104251861572;3,04452252388;0;NA
"537";168;4;10;28;6;0;36;21;1;25;0;0;0;1;0;0;3,178053855896;3,58351898193359;0;NA
"538";180;4;12;7;6;0;31;11;1;25;1;0;0;1;8;0,639999985694885;2,83321332931519;3,43398714065552;0;NA
"539";159;6;15;18;4;0;55;9;1;25;0;0;0;1;5;0,25;2,7725887298584;4,00733327865601;0;NA
"540";195;5;10;18;7;1;21;4;1;25;0;0;0;1;0;0;2,56494927406311;3,04452252388;0;NA
"541";156;3;15;35;6;0;41;16;1;25;0;0;0;1;8;0,639999985694885;2,83321332931519;3,71357202529907;0;NA
"542";168;4;10;22;7;1;45;11;1;25;0;0;0;1;10;1;2,30258512496948;3,80666255950928;0;NA
"543";159;6;15;12;6;0;31;6;1;1;0;0;1;0;8;0,639999985694885;2,63905739784241;3,43398714065552;1;2,63905739784241
"544";161;5;10;27;7;0;36;9;1;1;0;0;0;0;8;0,639999985694885;3,465735912323;3,58351898193359;1;3,465735912323
"545";162;4;15;35;3;1;45;32;1;1;1;0;0;0;12;1,44000005722046;3,36729574203491;3,80666255950928;1;3,36729574203491
"546";170;4;15;27;5;0;41;37;0;1;0;0;0;0;0;0;3,49650764465332;3,71357202529907;1;3,49650764465332
"547";156;2;30;22;2;0;38;5;1;1;0;0;0;0;5;0,25;3,52636051177979;3,63758611679077;1;3,52636051177979
"548";156;5;15;23;4;0;17;32;0;1;0;0;0;0;10;1;3,13549423217773;2,83321332931519;1;3,13549423217773
"549";156;6;5;21;5;0;16;15;0;1;1;0;0;0;12;1,44000005722046;3,09104251861572;2,7725887298584;1;3,09104251861572
"550";155;5;12;28;4;0;33;8;1;1;1;0;0;0;5;0,25;3,36729574203491;3,49650764465332;1;3,36729574203491
"551";174;5;5;29;3;0;42;22;1;1;1;0;0;0;10;1;3,36729574203491;3,7376697063446;1;3,36729574203491
"552";156;3;5;35;3;0;38;37;1;1;0;0;0;0;8;0,639999985694885;3,465735912323;3,63758611679077;1;3,465735912323
"553";159;4;15;35;4;0;48;11;1;1;1;0;0;0;10;1;3,40119743347168;3,8712010383606;1;3,40119743347168
"554";178;4;5;42;3;0;17;30;1;1;1;0;0;0;10;1;3,58351898193359;2,83321332931519;1;3,58351898193359
"555";156;4;5;24;2;0;13;7;1;1;0;0;0;0;5;0,25;3,40119743347168;2,56494927406311;1;3,40119743347168
"556";161;4;4;35;2;0;33;8;1;1;1;0;0;0;10;1;3,04452252388;3,49650764465332;1;3,04452252388
"557";162;4;5;30;4;0;30;12;1;1;1;0;0;0;10;1;2,99573230743408;3,40119743347168;1;2,99573230743408
"558";164;4;3;30;4;0;24;27;1;1;1;1;0;0;10;1;3,04452252388;3,178053855896;1;3,04452252388
"559";156;4;10;42;6;0;29;27;1;1;0;0;0;0;12;1,44000005722046;2,83321332931519;3,36729574203491;1;2,83321332931519
"560";162;6;10;35;4;0;38;31;1;1;1;0;0;0;14;1,96000003814697;3,21887588500977;3,63758611679077;1;3,21887588500977
"561";183;4;10;21;4;0;25;17;1;1;0;0;0;0;5;0,25;3,465735912323;3,21887588500977;1;3,465735912323
"562";183;5;8;24;3;1;39;32;1;1;0;0;0;0;5;0,25;3,178053855896;3,66356158256531;1;3,178053855896
"563";166;4;15;35;2;0;47;26;1;1;1;0;0;1;14;1,96000003814697;3,33220458030701;3,85014748573303;1;3,33220458030701
"564";168;6;15;19;3;0;17;32;1;1;1;0;0;0;14;1,96000003814697;2,63905739784241;2,83321332931519;1;2,63905739784241
"565";168;3;20;19;2;0;16;17;1;1;1;0;0;0;14;1,96000003814697;3,09104251861572;2,7725887298584;1;3,09104251861572
"566";168;5;5;36;4;0;27;37;1;1;1;0;0;0;8;0,639999985694885;3,465735912323;3,29583692550659;1;3,465735912323
"567";150;3;15;23;4;0;19;6;0;1;1;0;1;0;5;0,25;3,21887588500977;2,94443893432617;1;3,21887588500977
"568";156;4;5;4;3;0;19;11;1;1;1;0;0;0;8;0,639999985694885;2,70805025100708;2,94443893432617;1;2,70805025100708
"569";183;3;15;9;5;0;15;31;1;1;0;0;0;0;5;0,25;3,33220458030701;2,70805025100708;1;3,33220458030701
"570";156;4;15;18;4;0;28;9;1;1;0;0;0;0;0;0;3,13549423217773;3,33220458030701;1;3,13549423217773
"571";163;4;5;22;3;0;16;82;1;1;0;0;0;0;12;1,44000005722046;3,49650764465332;2,7725887298584;1;3,49650764465332
"572";148;4;10;30;2;0;39;31;0;1;0;0;0;0;12;1,44000005722046;3,63758611679077;3,66356158256531;1;3,63758611679077
"573";171;6;10;35;5;0;28;8;1;1;1;0;0;0;12;1,44000005722046;2,39789533615112;3,33220458030701;1;2,39789533615112
"574";144;4;25;17;4;0;11;7;1;1;1;0;0;0;12;1,44000005722046;2,56494927406311;2,39789533615112;1;2,56494927406311
"575";175;4;4;27;4;0;34;9;1;1;0;0;0;0;5;0,25;3,49650764465332;3,52636051177979;1;3,49650764465332
"576";138;5;20;21;4;0;24;16;1;1;1;0;0;0;12;1,44000005722046;3,52636051177979;3,178053855896;1;3,52636051177979
"577";164;4;15;30;5;1;32;82;1;1;1;0;0;0;8;0,639999985694885;3,36729574203491;3,465735912323;1;3,36729574203491
"578";156;5;10;25;6;0;26;9,60000038146973;0;1;1;0;0;0;8;0,639999985694885;3,13549423217773;3,25809645652771;1;3,13549423217773
"579";158;6;10;28;2;0;31;32;0;1;1;0;0;0;14;1,96000003814697;3,43398714065552;3,43398714065552;1;3,43398714065552
"580";155;5;20;35;3;1;48;11;1;1;1;0;0;0;14;1,96000003814697;3,68887948989868;3,8712010383606;1;3,68887948989868
"581";147;5;15;35;3;0;49;26;1;1;1;0;0;0;16;2,55999994277954;3,85014748573303;3,89182019233704;1;3,85014748573303
"582";151;6;15;30;2;1;42;30;1;1;1;0;0;0;12;1,44000005722046;3,25809645652771;3,7376697063446;1;3,25809645652771
"583";151;4;10;27;4;0;40;37;0;1;0;0;0;0;10;1;3,58351898193359;3,68887948989868;1;3,58351898193359
"584";163;4;7;28;4;0;34;11;0;1;0;0;0;0;5;0,25;3,21887588500977;3,52636051177979;1;3,21887588500977
"585";176;5;17;30;2;0;49;52;1;3;1;1;0;0;12;1,44000005722046;3,82864141464233;3,89182019233704;1;3,82864141464233
"586";188;4;20;28;2;0;46;52;1;3;1;1;0;0;12;1,44000005722046;3,71357202529907;3,82864141464233;1;3,71357202529907
"587";156;3;10;21;3;0;35;32;1;3;1;0;0;0;10;1;3,55534815788269;3,55534815788269;1;3,55534815788269
"588";182;4;20;21;4;0;37;37;1;3;0;1;0;0;8;0,639999985694885;3,76120018959045;3,61091780662537;1;3,76120018959045
"589";187;5;25;31;1;0;41;67;1;3;0;1;0;0;17;2,89000010490417;3,80666255950928;3,71357202529907;1;3,80666255950928
"590";168;5;10;7;3;0;38;67;1;3;1;0;0;0;14;1,96000003814697;3,68887948989868;3,63758611679077;1;3,68887948989868
"591";168;4;5;30;5;0;47;52;1;3;0;1;0;0;12;1,44000005722046;3,95124363899231;3,85014748573303;1;3,95124363899231
"592";169;4;15;21;2;0;32;52;1;3;0;1;0;0;14;1,96000003814697;3,52636051177979;3,465735912323;1;3,52636051177979
"593";168;5;10;21;2;0;35;17;1;3;0;1;0;0;14;1,96000003814697;3,68887948989868;3,55534815788269;1;3,68887948989868
"594";161;4;35;6;2;0;38;32;1;3;1;1;0;0;14;1,96000003814697;3,71357202529907;3,63758611679077;1;3,71357202529907
"595";164;6;15;38;2;0;30;37;0;3;1;0;0;0;12;1,44000005722046;3,58351898193359;3,40119743347168;1;3,58351898193359
"596";158;6;15;6;2;0;33;35;0;3;1;0;0;0;12;1,44000005722046;3,33220458030701;3,49650764465332;1;3,33220458030701
"597";153;4;25;28;2;0;34;8;0;3;0;0;0;0;14;1,96000003814697;3,09104251861572;3,52636051177979;1;3,09104251861572
"598";153;6;15;24;3;0;37;67;0;3;1;0;0;0;14;1,96000003814697;3,43398714065552;3,61091780662537;1;3,43398714065552
"599";165;4;10;28;3;0;36;52;0;3;0;0;0;0;10;1;3,40119743347168;3,58351898193359;1;3,40119743347168
"600";167;4;45;23;2;0;39;31;0;3;1;1;0;0;18;3,24000000953674;3,7376697063446;3,66356158256531;1;3,7376697063446
"601";168;5;10;30;2;0;46;32;1;3;1;1;0;0;14;1,96000003814697;3,43398714065552;3,82864141464233;1;3,43398714065552
"602";164;4;30;7;2;0;11;17;0;3;0;0;0;0;12;1,44000005722046;3,36729574203491;2,39789533615112;1;3,36729574203491
"603";174;5;30;18;2;0;30;52;1;3;1;0;0;0;14;1,96000003814697;3,58351898193359;3,40119743347168;1;3,58351898193359
"604";161;4;15;7;3;0;38;67;1;3;1;0;0;0;12;1,44000005722046;3,25809645652771;3,63758611679077;1;3,25809645652771
"605";183;4;15;30;3;0;44;32;0;3;1;0;0;0;10;1;3,63758611679077;3,78418970108032;1;3,63758611679077
"606";177;6;35;28;3;0;45;37;1;3;1;0;0;0;14;1,96000003814697;3,63758611679077;3,80666255950928;1;3,63758611679077
"607";159;5;25;12;3;0;46;47;1;3;1;0;0;0;12;1,44000005722046;3,36729574203491;3,82864141464233;1;3,36729574203491
"608";175;4;20;36;1;0;37;15;1;3;0;1;0;0;12;1,44000005722046;3,68887948989868;3,61091780662537;1;3,68887948989868
"609";156;6;20;9;3;1;32;37;0;3;0;0;0;0;14;1,96000003814697;2,7725887298584;3,465735912323;1;2,7725887298584
"610";166;5;15;5;3;0;32;37;1;3;1;0;0;0;12;1,44000005722046;3,61091780662537;3,465735912323;1;3,61091780662537
"611";160;5;10;32;1;0;28;32;0;3;0;0;0;0;12;1,44000005722046;3,52636051177979;3,33220458030701;1;3,52636051177979
"612";168;5;60;6;1;0;48;32;1;3;0;1;0;0;14;1,96000003814697;3,8712010383606;3,8712010383606;1;3,8712010383606
"613";157;6;0;27;3;0;50;82;0;3;0;0;0;0;14;1,96000003814697;3,55534815788269;3,91202306747437;1;3,55534815788269
"614";156;6;0;10;6;0;27;82;0;3;0;0;0;0;17;2,89000010490417;3,178053855896;3,29583692550659;1;3,178053855896
"615";174;4;15;28;2;0;27;52;1;3;0;0;0;0;14;1,96000003814697;3,58351898193359;3,29583692550659;1;3,58351898193359
"616";154;3;5;28;5;0;48;21;1;3;0;1;0;0;12;1,44000005722046;3,80666255950928;3,8712010383606;1;3,80666255950928
"617";162;6;30;6;2;0;48;17;1;3;0;1;0;0;14;1,96000003814697;3,95124363899231;3,8712010383606;1;3,95124363899231
"618";168;5;15;35;2;1;43;37;1;3;1;1;0;0;12;1,44000005722046;3,49650764465332;3,76120018959045;1;3,49650764465332
"619";160;5;20;19;2;0;34;52;1;3;0;1;0;0;12;1,44000005722046;3,465735912323;3,52636051177979;1;3,465735912323
"620";144;4;30;30;5;0;46;52;1;3;0;1;0;0;12;1,44000005722046;3,40119743347168;3,82864141464233;1;3,40119743347168
"621";168;4;30;28;2;0;34;32;1;3;0;1;0;0;14;1,96000003814697;3,58351898193359;3,52636051177979;1;3,58351898193359
"622";158;6;0;5;2;0;29;67;1;3;0;1;0;0;14;1,96000003814697;3,61091780662537;3,36729574203491;1;3,61091780662537
"623";168;4;15;28;2;0;27;47;1;3;0;1;0;0;14;1,96000003814697;3,40119743347168;3,29583692550659;1;3,40119743347168
"624";157;6;2;21;4;0;43;82;1;3;0;0;0;0;12;1,44000005722046;3,7376697063446;3,76120018959045;1;3,7376697063446
"625";164;6;2;38;6;0;45;82;1;3;0;1;0;1;12;1,44000005722046;3,7376697063446;3,80666255950928;1;3,7376697063446
"626";185;5;2;35;3;0;22;82;1;3;0;1;0;0;12;1,44000005722046;3,58351898193359;3,09104251861572;1;3,58351898193359
"627";153;4;2;25;2;0;38;82;1;3;1;1;0;0;14;1,96000003814697;3,66356158256531;3,63758611679077;1;3,66356158256531
"628";165;5;2;35;4;0;35;82;1;3;0;1;0;0;12;1,44000005722046;3,82864141464233;3,55534815788269;1;3,82864141464233
"629";168;4;15;18;7;0;10;32;0;9;1;0;0;0;10;1;2,0794415473938;2,30258512496948;1;2,0794415473938
"630";160;6;5;35;5;0;27;32;1;9;1;1;0;0;5;0,25;3,21887588500977;3,29583692550659;1;3,21887588500977
"631";163;6;7;40;4;0;46;11;1;9;0;1;0;0;10;1;3,61091780662537;3,82864141464233;1;3,61091780662537
"632";147;6;6;38;2;0;22;23;1;9;1;0;0;0;12;1,44000005722046;3,43398714065552;3,09104251861572;1;3,43398714065552
"633";159;6;25;32;5;0;31;67;1;9;0;0;0;0;5;0,25;2,94443893432617;3,43398714065552;1;2,94443893432617
"634";184;4;15;44;4;0;17;82;1;9;0;1;0;1;10;1;2,83321332931519;2,83321332931519;1;2,83321332931519
"635";178;4;15;30;6;0;27;7;1;9;0;0;0;0;0;0;3,21887588500977;3,29583692550659;1;3,21887588500977
"636";149;6;10;26;3;0;36;9;1;9;1;0;0;0;10;1;3,55534815788269;3,58351898193359;1;3,55534815788269
"637";154;4;10;19;4;0;31;11;0;9;1;0;0;0;5;0,25;2,83321332931519;3,43398714065552;1;2,83321332931519
"638";146;6;30;25;5;0;3;82;1;9;1;1;0;1;14;1,96000003814697;2,83321332931519;1,0986123085022;1;2,83321332931519
"639";163;5;20;25;3;0;38;9;1;9;0;1;0;0;8;0,639999985694885;3,40119743347168;3,63758611679077;1;3,40119743347168
"640";168;6;5;16;5;0;13;6;1;9;0;0;0;0;5;0,25;3,178053855896;2,56494927406311;1;3,178053855896
"641";168;3;6;21;5;0;17;9;1;9;0;0;0;0;0;0;3,29583692550659;2,83321332931519;1;3,29583692550659
"642";168;4;10;24;5;0;17;2;0;9;1;1;0;0;0;0;2,56494927406311;2,83321332931519;1;2,56494927406311
"643";163;6;5;16;1;0;23;32;1;9;1;1;0;0;16;2,55999994277954;2,94443893432617;3,13549423217773;1;2,94443893432617
"644";175;5;15;26;7;0;15;30;1;9;1;0;0;0;0;0;3,13549423217773;2,70805025100708;1;3,13549423217773
"645";147;5;7;19;3;1;34;26;1;9;0;0;0;0;12;1,44000005722046;3,61091780662537;3,52636051177979;1;3,61091780662537
"646";185;6;5;30;3;1;28;15;1;9;1;0;0;0;8;0,639999985694885;3,09104251861572;3,33220458030701;1;3,09104251861572
"647";151;5;20;30;6;0;11;37;0;9;1;1;0;0;10;1;2,7725887298584;2,39789533615112;1;2,7725887298584
"648";156;5;15;40;3;0;32;28;0;9;1;1;0;0;10;1;3,04452252388;3,465735912323;1;3,04452252388
"649";162;6;15;31;4;0;39;8;1;9;1;0;0;0;5;0,25;3,43398714065552;3,66356158256531;1;3,43398714065552
"650";159;6;15;32;5;0;24;62;1;9;1;0;0;0;12;1,44000005722046;2,89037179946899;3,178053855896;1;2,89037179946899
"651";158;4;25;27;5;0;19;22;1;9;1;1;0;0;8;0,639999985694885;3,36729574203491;2,94443893432617;1;3,36729574203491
"652";156;4;15;24;5;1;18;11;1;9;1;1;0;0;0;0;2,7725887298584;2,89037179946899;1;2,7725887298584
"653";172;4;30;20;3;0;46;9;1;9;1;0;0;0;0;0;3,178053855896;3,82864141464233;1;3,178053855896
"654";165;6;45;20;5;1;38;21;1;9;0;1;0;0;10;1;3,55534815788269;3,63758611679077;1;3,55534815788269
"655";168;5;20;14;5;0;22;52;1;9;1;0;0;0;14;1,96000003814697;3,21887588500977;3,09104251861572;1;3,21887588500977
"656";163;6;30;24;4;0;29;12;1;9;1;1;0;0;12;1,44000005722046;3,09104251861572;3,36729574203491;1;3,09104251861572
"657";152;3;15;18;5;1;27;10;1;9;1;1;0;0;0;0;2,94443893432617;3,29583692550659;1;2,94443893432617
"658";166;4;15;24;4;0;37;32;1;9;1;1;0;0;14;1,96000003814697;3,33220458030701;3,61091780662537;1;3,33220458030701
"659";160;6;45;36;5;0;11;82;1;9;1;1;0;0;12;1,44000005722046;3,465735912323;2,39789533615112;1;3,465735912323
"660";166;5;5;26;2;0;32;30;1;9;1;0;0;0;15;2,25;3,63758611679077;3,465735912323;1;3,63758611679077
"661";164;6;25;12;7;0;14;32;1;9;1;1;0;0;5;0,25;2,63905739784241;2,63905739784241;1;2,63905739784241
"662";177;4;10;54;4;0;10;6;1;9;0;0;0;0;5;0,25;2,4849066734314;2,30258512496948;1;2,4849066734314
"663";161;6;25;32;8;0;16;23;1;9;1;1;0;0;8;0,639999985694885;2,89037179946899;2,7725887298584;1;2,89037179946899
"664";156;3;15;28;4;1;30;11;1;9;0;0;0;0;10;1;2,89037179946899;3,40119743347168;1;2,89037179946899
"665";185;2;1;28;4;0;23;4;1;17;0;0;0;1;8;0,639999985694885;2,89037179946899;3,13549423217773;1;2,89037179946899
"666";185;3;5;33;5;0;26;17;1;17;1;0;0;1;8;0,639999985694885;2,63905739784241;3,25809645652771;1;2,63905739784241
"667";182;3;3;28;5;0;21;32;1;17;1;1;0;0;10;1;2,7725887298584;3,04452252388;1;2,7725887298584
"668";159;3;10;35;6;1;37;2;1;17;0;0;0;1;0;0;2,63905739784241;3,61091780662537;1;2,63905739784241
"669";182;3;30;35;3;0;25;6;1;17;1;0;0;0;0;0;2,89037179946899;3,21887588500977;1;2,89037179946899
"670";169;2;10;14;4;0;31;11;1;17;0;0;0;0;0;0;2,56494927406311;3,43398714065552;1;2,56494927406311
"671";164;6;20;14;3;0;29;4;1;17;0;0;0;0;0;0;3,13549423217773;3,36729574203491;1;3,13549423217773
"672";159;2;20;14;10;0;36;8;1;17;0;0;0;1;0;0;2,56494927406311;3,58351898193359;1;2,56494927406311
"673";168;3;15;14;6;0;36;11;1;17;0;0;1;0;0;0;2,56494927406311;3,58351898193359;1;2,56494927406311
"674";180;5;10;21;5;0;30;30;1;17;1;1;0;1;0;0;2,63905739784241;3,40119743347168;1;2,63905739784241
"675";137;4;3;28;4;0;26;3;1;17;1;0;0;0;8;0,639999985694885;2,70805025100708;3,25809645652771;1;2,70805025100708
"676";180;3;15;28;6;0;17;6;1;17;1;0;1;0;0;0;2,99573230743408;2,83321332931519;1;2,99573230743408
"677";180;2;15;28;7;1;23;7;1;17;0;0;1;0;0;0;2,39789533615112;3,13549423217773;1;2,39789533615112
"678";183;5;10;14;4;1;16;5;1;17;0;0;0;0;0;0;2,30258512496948;2,7725887298584;1;2,30258512496948
"679";161;4;15;28;2;0;28;19;1;17;1;1;0;1;0;0;3,178053855896;3,33220458030701;1;3,178053855896
"680";172;5;20;28;4;0;25;2;1;17;1;0;1;0;0;0;3,25809645652771;3,21887588500977;1;3,25809645652771
"681";189;6;5;14;7;0;32;9;1;17;0;0;0;0;0;0;2,94443893432617;3,465735912323;1;2,94443893432617
"682";168;6;5;14;7;0;35;9;1;17;0;0;0;0;0;0;2,99573230743408;3,55534815788269;1;2,99573230743408
"683";168;6;5;14;2;0;19;4;1;17;0;0;0;0;0;0;2,83321332931519;2,94443893432617;1;2,83321332931519
"684";171;1;45;14;5;0;41;10;1;17;0;0;0;0;12;1,44000005722046;2,30258512496948;3,71357202529907;1;2,30258512496948
"685";162;5;20;21;3;0;39;32;1;21;0;0;0;0;10;1;3,58351898193359;3,66356158256531;1;3,58351898193359
"686";150;6;15;21;4;0;44;31;0;21;0;0;0;0;12;1,44000005722046;3,63758611679077;3,78418970108032;1;3,63758611679077
"687";148;6;30;17;5;0;23;11;0;21;0;0;1;0;10;1;3,465735912323;3,13549423217773;1;3,465735912323
"688";168;6;5;26;3;0;46;67;0;21;0;0;1;0;5;0,25;3,25809645652771;3,82864141464233;1;3,25809645652771
"689";156;4;15;35;4;0;33;9;0;21;1;0;0;0;8;0,639999985694885;3,40119743347168;3,49650764465332;1;3,40119743347168
"690";156;6;30;42;6;0;52;32;0;21;0;1;0;1;14;1,96000003814697;3,465735912323;3,95124363899231;1;3,465735912323
"691";141;6;8;20;3;0;52;32;1;21;1;0;0;0;10;1;3,82864141464233;3,95124363899231;1;3,82864141464233
"692";166;6;20;30;2;0;51;30;1;21;0;0;0;0;12;1,44000005722046;3,98898410797119;3,93182563781738;1;3,98898410797119
"693";157;6;15;33;5;0;50;32;1;21;0;0;0;0;12;1,44000005722046;3,8712010383606;3,91202306747437;1;3,8712010383606
"694";155;6;5;11;1;0;37;22;1;21;1;0;0;0;12;1,44000005722046;3,78418970108032;3,61091780662537;1;3,78418970108032
"695";152;6;5;23;3;0;41;32;1;21;1;0;0;0;14;1,96000003814697;3,8712010383606;3,71357202529907;1;3,8712010383606
"696";156;6;20;21;6;0;31;26;1;21;0;0;0;0;8;0,639999985694885;3,82864141464233;3,43398714065552;1;3,82864141464233
"697";139;6;10;21;6;0;51;6;1;21;0;0;0;0;5;0,25;3,7376697063446;3,93182563781738;1;3,7376697063446
"698";144;6;30;31;4;0;22;37;0;21;0;1;0;0;5;0,25;3,55534815788269;3,09104251861572;1;3,55534815788269
"699";140;6;15;28;3;0;53;47;0;21;1;1;0;0;12;1,44000005722046;3,98898410797119;3,97029185295105;1;3,98898410797119
"700";147;2;15;27;4;0;47;11;0;21;1;1;0;0;10;1;3,55534815788269;3,85014748573303;1;3,55534815788269
"701";147;6;10;21;4;0;47;47;0;21;1;1;0;0;8;0,639999985694885;3,63758611679077;3,85014748573303;1;3,63758611679077
"702";146;5;10;21;5;0;48;67;0;21;0;1;0;0;10;1;3,78418970108032;3,8712010383606;1;3,78418970108032
"703";145;5;20;21;3;0;40;24;0;21;0;1;0;0;5;0,25;3,52636051177979;3,68887948989868;1;3,52636051177979
"704";164;5;20;28;3;0;38;37;0;21;0;0;0;0;14;1,96000003814697;3,465735912323;3,63758611679077;1;3,465735912323
"705";165;6;20;35;4;0;30;29;0;21;0;0;0;0;10;1;3,43398714065552;3,40119743347168;1;3,43398714065552
"706";151;6;5;31;4;0;51;82;0;21;1;0;1;0;12;1,44000005722046;3,68887948989868;3,93182563781738;1;3,68887948989868
"707";150;6;15;28;2;0;41;15;0;21;0;1;0;0;5;0,25;3,66356158256531;3,71357202529907;1;3,66356158256531
"708";149;5;2;30;3;0;35;29;0;21;0;1;0;0;0;0;3,61091780662537;3,55534815788269;1;3,61091780662537
"709";165;6;15;31;3;0;53;8;0;21;0;0;0;0;8;0,639999985694885;3,78418970108032;3,97029185295105;1;3,78418970108032
"710";149;6;15;28;4;0;48;26;0;21;0;0;0;0;12;1,44000005722046;3,7376697063446;3,8712010383606;1;3,7376697063446
"711";152;6;5;28;4;0;53;14;0;21;0;0;0;0;14;1,96000003814697;3,7376697063446;3,97029185295105;1;3,7376697063446
"712";148;6;15;40;3;0;47;8;1;21;0;1;0;0;12;1,44000005722046;3,76120018959045;3,85014748573303;1;3,76120018959045
"713";153;5;15;48;2;0;35;32;1;21;1;1;0;0;12;1,44000005722046;3,68887948989868;3,55534815788269;1;3,68887948989868
"714";153;4;15;25;6;0;33;32;0;21;0;0;0;0;5;0,25;3,58351898193359;3,49650764465332;1;3,58351898193359
"715";152;4;15;35;5;0;35;29;0;21;0;1;1;0;0;0;3,43398714065552;3,55534815788269;1;3,43398714065552
"716";158;6;5;14;3;1;43;52;0;21;0;1;0;0;10;1;3,55534815788269;3,76120018959045;1;3,55534815788269
"717";155;6;10;14;3;0;44;11;0;21;0;1;1;0;8;0,639999985694885;3,7376697063446;3,78418970108032;1;3,7376697063446
"718";154;6;30;13;4;0;38;33;0;21;1;0;0;0;14;1,96000003814697;2,94443893432617;3,63758611679077;1;2,94443893432617
"719";152;6;15;21;6;0;37;32;0;21;1;0;0;0;10;1;3,93182563781738;3,61091780662537;1;3,93182563781738
"720";154;6;5;7;5;0;42;32;0;21;1;0;1;0;8;0,639999985694885;3,25809645652771;3,7376697063446;1;3,25809645652771
"721";145;6;15;28;3;0;57;25;0;21;1;1;0;0;14;1,96000003814697;3,91202306747437;4,04305124282837;1;3,91202306747437
"722";140;6;15;28;3;0;55;9;1;21;1;0;0;0;12;1,44000005722046;3,97029185295105;4,00733327865601;1;3,97029185295105
"723";139;6;25;24;3;0;44;52;1;21;1;0;0;0;10;1;3,91202306747437;3,78418970108032;1;3,91202306747437
"724";147;6;5;14;4;0;20;30;0;21;0;0;0;0;8;0,639999985694885;3,33220458030701;2,99573230743408;1;3,33220458030701
"725";156;4;5;14;3;0;43;82;0;7;1;1;0;0;14;1,96000003814697;3,55534815788269;3,76120018959045;1;3,55534815788269
"726";165;5;15;30;2;1;39;17;1;7;1;1;0;1;10;1;3,55534815788269;3,66356158256531;1;3,55534815788269
"727";173;4;15;24;2;0;32;52;1;7;0;0;0;0;12;1,44000005722046;3,49650764465332;3,465735912323;1;3,49650764465332
"728";171;2;30;6;3;0;43;52;0;7;1;1;0;0;12;1,44000005722046;3,36729574203491;3,76120018959045;1;3,36729574203491
"729";171;6;30;6;4;0;30;52;0;7;1;1;0;0;12;1,44000005722046;3,21887588500977;3,40119743347168;1;3,21887588500977
"730";161;6;15;18;2;1;13;31;1;7;1;1;0;0;14;1,96000003814697;3,55534815788269;2,56494927406311;1;3,55534815788269
"731";156;4;30;30;3;0;27;82;1;7;1;1;0;0;12;1,44000005722046;2,99573230743408;3,29583692550659;1;2,99573230743408
"732";171;4;10;14;3;0;38;82;0;7;0;0;0;0;14;1,96000003814697;3,33220458030701;3,63758611679077;1;3,33220458030701
"733";156;2;30;30;3;0;30;29;0;7;1;0;0;1;12;1,44000005722046;3,43398714065552;3,40119743347168;1;3,43398714065552
"734";173;6;15;33;2;0;31;82;0;7;0;0;0;0;14;1,96000003814697;3,49650764465332;3,43398714065552;1;3,49650764465332
"735";162;6;35;21;1;0;48;37;0;7;1;1;0;0;14;1,96000003814697;3,68887948989868;3,8712010383606;1;3,68887948989868
"736";159;6;15;30;2;0;32;32;0;7;1;0;0;0;14;1,96000003814697;3,78418970108032;3,465735912323;1;3,78418970108032
"737";161;6;10;28;4;0;17;67;0;7;1;0;0;0;16;2,55999994277954;3,43398714065552;2,83321332931519;1;3,43398714065552
"738";164;6;25;28;3;0;12;52;0;7;1;1;0;0;16;2,55999994277954;3,71357202529907;2,4849066734314;1;3,71357202529907
"739";168;6;10;8;3;1;30;17;1;7;1;0;0;1;12;1,44000005722046;3,43398714065552;3,40119743347168;1;3,43398714065552
"740";167;4;45;20;2;0;42;82;1;7;1;1;0;0;16;2,55999994277954;3,8712010383606;3,7376697063446;1;3,8712010383606
"741";168;6;20;8;2;1;43;36;1;7;1;1;0;1;14;1,96000003814697;3,13549423217773;3,76120018959045;1;3,13549423217773
"742";152;4;10;21;3;1;47;47;1;7;1;1;0;1;16;2,55999994277954;3,8712010383606;3,85014748573303;1;3,8712010383606
"743";177;5;10;24;4;0;36;32;1;7;1;1;0;1;12;1,44000005722046;3,58351898193359;3,58351898193359;1;3,58351898193359
"744";165;6;15;21;2;0;50;67;1;7;0;1;0;0;12;1,44000005722046;3,7376697063446;3,91202306747437;1;3,7376697063446
"745";162;6;20;6;2;0;40;17;0;7;1;1;0;1;14;1,96000003814697;3,80666255950928;3,68887948989868;1;3,80666255950928
"746";160;6;8;9;8;0;22;52;0;7;1;1;0;1;14;1,96000003814697;3,40119743347168;3,09104251861572;1;3,40119743347168
"747";145;6;8;30;4;1;13;19;0;7;1;0;0;1;12;1,44000005722046;3,09104251861572;2,56494927406311;1;3,09104251861572
"748";162;6;30;35;4;0;33;47;0;7;1;0;0;0;16;2,55999994277954;3,04452252388;3,49650764465332;1;3,04452252388
"749";174;6;20;15;1;0;37;32;0;7;1;0;0;0;14;1,96000003814697;3,25809645652771;3,61091780662537;1;3,25809645652771
"750";184;5;30;10;2;0;20;11;1;7;1;0;0;1;5;0,25;3,21887588500977;2,99573230743408;1;3,21887588500977
"751";160;4;20;10;4;0;36;32;0;7;1;1;0;0;8;0,639999985694885;3,78418970108032;3,58351898193359;1;3,78418970108032
"752";162;4;15;5;4;0;13;82;0;7;1;1;0;0;14;1,96000003814697;3,43398714065552;2,56494927406311;1;3,43398714065552
"753";167;5;30;30;3;1;31;47;0;7;1;1;0;0;12;1,44000005722046;3,465735912323;3,43398714065552;1;3,465735912323
"754";160;6;20;36;4;0;47;37;0;8;1;0;0;0;16;2,55999994277954;3,40119743347168;3,85014748573303;1;3,40119743347168
"755";161;5;20;21;3;0;48;26;0;8;1;1;0;0;10;1;3,21887588500977;3,8712010383606;1;3,21887588500977
"756";172;6;20;38;4;0;48;26;1;8;1;0;0;0;0;0;3,71357202529907;3,8712010383606;1;3,71357202529907
"757";159;4;32;13;5;0;28;32;1;8;1;0;0;0;12;1,44000005722046;3,66356158256531;3,33220458030701;1;3,66356158256531
"758";147;6;20;42;8;0;21;7;1;8;0;0;1;0;0;0;3,66356158256531;3,04452252388;1;3,66356158256531
"759";146;6;10;11;3;0;46;82;1;8;1;0;0;0;14;1,96000003814697;3,76120018959045;3,82864141464233;1;3,76120018959045
"760";176;6;30;50;5;0;37;25;1;8;0;1;0;0;0;0;3,52636051177979;3,61091780662537;1;3,52636051177979
"761";164;6;4;39;3;0;37;26;1;8;1;0;0;0;8;0,639999985694885;3,63758611679077;3,61091780662537;1;3,63758611679077
"762";160;5;15;12;3;0;45;82;1;8;0;0;0;0;12;1,44000005722046;3,82864141464233;3,80666255950928;1;3,82864141464233
"763";161;5;15;30;3;0;38;11;1;8;0;0;0;0;10;1;3,76120018959045;3,63758611679077;1;3,76120018959045
"764";148;5;15;26;1;0;46;15;1;8;0;1;0;0;14;1,96000003814697;3,71357202529907;3,82864141464233;1;3,71357202529907
"765";164;6;15;11;3;0;38;52;1;8;1;0;0;1;12;1,44000005722046;3,58351898193359;3,63758611679077;1;3,58351898193359
"766";164;4;20;28;4;0;40;52;1;8;0;0;0;0;12;1,44000005722046;3,58351898193359;3,68887948989868;1;3,58351898193359
"767";153;5;35;42;4;0;41;62;1;8;1;0;0;1;14;1,96000003814697;3,66356158256531;3,71357202529907;1;3,66356158256531
"768";161;4;5;28;3;0;49;32;0;8;1;1;0;0;16;2,55999994277954;3,85014748573303;3,89182019233704;1;3,85014748573303
"769";150;6;15;42;2;0;47;22;1;8;1;0;0;0;14;1,96000003814697;3,76120018959045;3,85014748573303;1;3,76120018959045
"770";154;6;35;20;4;0;43;52;1;8;1;1;0;0;14;1,96000003814697;3,93182563781738;3,76120018959045;1;3,93182563781738
"771";169;6;15;42;3;0;39;67;0;8;1;0;0;0;12;1,44000005722046;3,58351898193359;3,66356158256531;1;3,58351898193359
"772";171;6;20;26;3;0;50;77;0;8;1;1;0;0;12;1,44000005722046;3,71357202529907;3,91202306747437;1;3,71357202529907
"773";173;6;20;28;3;0;38;77;0;8;1;1;0;0;12;1,44000005722046;3,40119743347168;3,63758611679077;1;3,40119743347168
"774";167;5;15;42;5;0;43;77;1;8;0;0;0;0;10;1;3,89182019233704;3,76120018959045;1;3,89182019233704
"775";163;5;25;24;2;0;42;37;1;8;0;0;0;0;12;1,44000005722046;3,76120018959045;3,7376697063446;1;3,76120018959045
"776";153;5;25;38;2;0;40;36;1;8;1;0;0;0;14;1,96000003814697;3,78418970108032;3,68887948989868;1;3,78418970108032
"777";152;6;5;26;2;0;37;24;1;8;1;0;0;0;8;0,639999985694885;3,82864141464233;3,61091780662537;1;3,82864141464233
"778";165;6;30;35;2;0;32;32;1;8;1;0;0;0;8;0,639999985694885;3,78418970108032;3,465735912323;1;3,78418970108032
"779";147;5;30;24;4;0;35;62;0;8;0;0;0;1;14;1,96000003814697;3,71357202529907;3,55534815788269;1;3,71357202529907
"780";159;4;10;28;3;0;48;47;0;8;0;1;0;0;12;1,44000005722046;3,80666255950928;3,8712010383606;1;3,80666255950928
"781";160;6;5;35;3;0;32;67;0;8;1;1;1;0;12;1,44000005722046;3,49650764465332;3,465735912323;1;3,49650764465332
"782";151;6;45;21;2;0;50;31;1;8;1;0;0;0;10;1;3,78418970108032;3,91202306747437;1;3,78418970108032
"783";147;6;5;29;4;0;20;82;1;8;1;0;0;0;12;1,44000005722046;3,76120018959045;2,99573230743408;1;3,76120018959045
"784";175;6;18;22;5;0;36;32;1;8;1;0;0;0;10;1;3,13549423217773;3,58351898193359;1;3,13549423217773
"785";149;6;15;42;5;0;29;82;0;8;1;0;0;1;12;1,44000005722046;3,40119743347168;3,36729574203491;1;3,40119743347168
"786";155;6;15;35;3;0;51;52;0;8;1;0;0;1;10;1;3,85014748573303;3,93182563781738;1;3,85014748573303
"787";168;6;6;28;4;0;37;67;1;8;1;1;0;0;12;1,44000005722046;3,68887948989868;3,61091780662537;1;3,68887948989868
"788";159;5;20;50;3;0;36;32;1;8;1;0;0;0;8;0,639999985694885;3,76120018959045;3,58351898193359;1;3,76120018959045
"789";147;5;15;50;3;0;48;30;1;8;1;0;0;0;14;1,96000003814697;3,93182563781738;3,8712010383606;1;3,93182563781738
"790";167;5;25;49;2;0;39;23;1;8;1;0;1;0;5;0,25;3,78418970108032;3,66356158256531;1;3,78418970108032
"791";166;4;10;21;2;0;17;9;0;22;1;0;0;0;14;1,96000003814697;3,25809645652771;2,83321332931519;1;3,25809645652771
"792";170;5;5;4;2;0;36;47;1;22;1;1;0;0;12;1,44000005722046;3,13549423217773;3,58351898193359;1;3,13549423217773
"793";156;6;15;5;2;0;44;15;0;22;0;0;0;0;14;1,96000003814697;3,178053855896;3,78418970108032;1;3,178053855896
"794";189;6;60;6;5;0;34;37;1;22;1;0;0;0;12;1,44000005722046;3,58351898193359;3,52636051177979;1;3,58351898193359
"795";198;5;15;6;4;0;32;45;1;22;1;1;0;1;12;1,44000005722046;3,52636051177979;3,465735912323;1;3,52636051177979
"796";168;3;15;8;3;0;43;7;1;22;0;1;0;0;8;0,639999985694885;2,99573230743408;3,76120018959045;1;2,99573230743408
"797";207;6;10;22;7;0;44;82;1;22;1;1;0;1;0;0;3,55534815788269;3,78418970108032;1;3,55534815788269
"798";168;6;20;13;3;0;38;47;0;22;1;1;0;1;16;2,55999994277954;3,40119743347168;3,63758611679077;1;3,40119743347168
"799";161;6;15;12;4;0;40;32;0;22;1;1;0;0;16;2,55999994277954;3,52636051177979;3,68887948989868;1;3,52636051177979
"800";168;4;10;21;2;0;24;47;1;22;1;0;0;0;16;2,55999994277954;3,21887588500977;3,178053855896;1;3,21887588500977
"801";159;5;60;11;2;0;34;77;1;22;1;1;0;0;12;1,44000005722046;3,40119743347168;3,52636051177979;1;3,40119743347168
"802";171;5;30;5;2;0;36;52;1;22;1;1;0;0;14;1,96000003814697;3,36729574203491;3,58351898193359;1;3,36729574203491
"803";173;6;30;42;2;0;43;52;1;22;0;1;0;0;8;0,639999985694885;3,29583692550659;3,76120018959045;1;3,29583692550659
"804";161;6;20;18;3;0;38;32;0;22;0;1;0;0;16;2,55999994277954;3,13549423217773;3,63758611679077;1;3,13549423217773
"805";180;6;10;36;2;0;33;82;1;22;1;1;0;0;14;1,96000003814697;3,09104251861572;3,49650764465332;1;3,09104251861572
"806";168;3;30;4;4;0;46;82;1;22;0;0;0;0;14;1,96000003814697;3,13549423217773;3,82864141464233;1;3,13549423217773
"807";164;6;5;13;3;0;35;82;0;22;1;1;0;0;16;2,55999994277954;3,80666255950928;3,55534815788269;1;3,80666255950928
"808";168;6;15;12;2;0;33;52;1;22;0;1;0;0;12;1,44000005722046;2,89037179946899;3,49650764465332;1;2,89037179946899
"809";156;6;15;5;3;0;39;44;0;22;0;0;0;0;14;1,96000003814697;2,7725887298584;3,66356158256531;1;2,7725887298584
"810";178;6;30;6;3;0;34;37;1;22;1;1;0;1;12;1,44000005722046;3,55534815788269;3,52636051177979;1;3,55534815788269
"811";182;6;90;3;3;0;32;82;1;22;1;1;0;0;12;1,44000005722046;3,33220458030701;3,465735912323;1;3,33220458030701
"812";164;6;15;35;2;0;37;32;1;22;1;1;0;0;12;1,44000005722046;3,36729574203491;3,61091780662537;1;3,36729574203491
"813";173;6;60;30;2;0;37;47;0;22;1;0;0;0;14;1,96000003814697;3,52636051177979;3,61091780662537;1;3,52636051177979
"814";171;5;20;28;2;0;36;32;1;22;1;0;0;0;12;1,44000005722046;3,29583692550659;3,58351898193359;1;3,29583692550659
"815";166;6;30;24;3;0;37;32;1;22;1;1;0;0;14;1,96000003814697;3,58351898193359;3,61091780662537;1;3,58351898193359
"816";163;6;15;35;3;0;32;32;1;22;1;1;0;1;10;1;3,25809645652771;3,465735912323;1;3,25809645652771
"817";167;6;15;3;4;0;37;17;1;22;1;0;0;0;10;1;2,99573230743408;3,61091780662537;1;2,99573230743408
"818";168;3;10;42;6;0;36;35;1;22;0;1;0;0;14;1,96000003814697;3,25809645652771;3,58351898193359;1;3,25809645652771
"819";165;4;20;42;2;0;38;32;1;22;0;1;0;0;16;2,55999994277954;3,52636051177979;3,63758611679077;1;3,52636051177979
"820";195;3;10;21;4;0;40;32;1;22;0;0;0;1;12;1,44000005722046;3,49650764465332;3,68887948989868;1;3,49650764465332
"821";171;6;15;10;2;0;39;52;0;23;0;0;0;0;12;1,44000005722046;3,52636051177979;3,66356158256531;1;3,52636051177979
"822";180;6;15;5;3;0;39;77;0;23;1;0;0;0;18;3,24000000953674;3,58351898193359;3,66356158256531;1;3,58351898193359
"823";177;6;10;29;3;0;46;52;0;23;1;0;0;1;14;1,96000003814697;3,85014748573303;3,82864141464233;1;3,85014748573303
"824";177;6;25;42;4;0;45;52;0;23;1;1;0;0;16;2,55999994277954;3,63758611679077;3,80666255950928;1;3,63758611679077
"825";171;5;10;22;2;0;37;52;0;23;1;1;0;0;14;1,96000003814697;3,66356158256531;3,61091780662537;1;3,66356158256531
"826";160;6;30;25;2;1;40;31;0;23;1;0;0;0;19;3,60999989509583;3,66356158256531;3,68887948989868;1;3,66356158256531
"827";168;5;20;8;2;0;37;47;0;23;1;0;0;0;16;2,55999994277954;3,13549423217773;3,61091780662537;1;3,13549423217773
"828";168;6;20;40;3;1;48;52;0;23;1;1;0;0;16;2,55999994277954;3,85014748573303;3,8712010383606;1;3,85014748573303
"829";168;6;15;34;3;0;44;82;0;23;1;0;0;0;12;1,44000005722046;3,66356158256531;3,78418970108032;1;3,66356158256531
"830";168;6;25;30;2;1;40;52;0;23;1;1;0;0;12;1,44000005722046;3,66356158256531;3,68887948989868;1;3,66356158256531
"831";168;6;15;30;2;0;38;47;0;23;1;1;0;0;14;1,96000003814697;3,76120018959045;3,63758611679077;1;3,76120018959045
"832";170;6;15;49;2;0;45;66;0;23;1;1;0;0;14;1,96000003814697;3,93182563781738;3,80666255950928;1;3,93182563781738
"833";170;6;10;28;1;0;45;47;0;23;1;0;0;0;14;1,96000003814697;3,66356158256531;3,80666255950928;1;3,66356158256531
"834";173;6;15;12;2;0;40;52;0;23;1;0;0;0;15;2,25;3,71357202529907;3,68887948989868;1;3,71357202529907
"835";176;4;30;30;3;0;48;67;0;23;1;0;0;0;14;1,96000003814697;3,68887948989868;3,8712010383606;1;3,68887948989868
"836";168;6;30;27;2;0;45;82;0;23;1;0;0;0;14;1,96000003814697;3,7376697063446;3,80666255950928;1;3,7376697063446
"837";174;6;30;8;2;0;46;62;0;23;0;1;0;0;16;2,55999994277954;3,63758611679077;3,82864141464233;1;3,63758611679077
"838";173;5;10;16;2;0;41;32;0;23;1;0;0;0;16;2,55999994277954;3,63758611679077;3,71357202529907;1;3,63758611679077
"839";175;6;5;28;3;0;47;47;0;23;0;0;0;1;15;2,25;3,78418970108032;3,85014748573303;1;3,78418970108032
"840";182;6;20;14;2;0;44;52;0;23;1;0;0;0;10;1;3,66356158256531;3,78418970108032;1;3,66356158256531
"841";171;5;30;10;4;0;44;47;0;23;1;0;0;0;15;2,25;3,61091780662537;3,78418970108032;1;3,61091780662537
"842";158;6;20;16;2;0;44;82;0;23;1;1;0;0;14;1,96000003814697;3,66356158256531;3,78418970108032;1;3,66356158256531
"843";160;6;45;14;2;0;47;52;0;23;1;1;0;1;16;2,55999994277954;3,8712010383606;3,85014748573303;1;3,8712010383606
"844";178;6;30;15;1;0;44;47;0;23;1;0;0;0;15;2,25;3,55534815788269;3,78418970108032;1;3,55534815788269
"845";171;6;15;4;3;0;56;82;0;23;1;0;0;0;12;1,44000005722046;3,78418970108032;4,02535152435303;1;3,78418970108032
"846";167;6;15;30;2;0;47;82;0;23;1;1;0;0;14;1,96000003814697;3,93182563781738;3,85014748573303;1;3,93182563781738
"847";180;4;10;7;2;0;32;67;0;23;1;0;0;0;14;1,96000003814697;3,52636051177979;3,465735912323;1;3,52636051177979
"848";168;5;15;25;4;0;34;32;0;23;0;0;0;0;14;1,96000003814697;3,465735912323;3,52636051177979;1;3,465735912323
"849";191;4;17;30;3;0;38;52;0;23;0;1;0;1;12;1,44000005722046;3,66356158256531;3,63758611679077;1;3,66356158256531
"850";177;6;5;16;2;0;39;82;0;23;1;1;0;0;12;1,44000005722046;3,29583692550659;3,66356158256531;1;3,29583692550659
"851";156;6;30;19;2;0;29;22;0;23;1;0;0;0;12;1,44000005722046;3,89182019233704;3,36729574203491;1;3,89182019233704
"852";176;4;30;21;3;0;50;32;0;23;1;0;0;0;10;1;3,68887948989868;3,91202306747437;1;3,68887948989868
"853";172;4;5;50;2;0;43;29;0;23;0;0;0;0;12;1,44000005722046;3,85014748573303;3,76120018959045;1;3,85014748573303
"854";173;4;30;6;2;0;32;46;0;23;1;0;0;0;16;2,55999994277954;2,94443893432617;3,465735912323;1;2,94443893432617
"855";168;6;30;8;2;0;41;32;0;23;1;0;0;0;14;1,96000003814697;3,8712010383606;3,71357202529907;1;3,8712010383606
"856";169;6;45;30;2;0;42;82;0;23;1;1;0;0;14;1,96000003814697;3,7376697063446;3,7376697063446;1;3,7376697063446
"857";179;6;25;4;4;0;47;32;0;23;1;0;0;0;12;1,44000005722046;3,7376697063446;3,85014748573303;1;3,7376697063446
"858";168;6;20;30;4;0;41;52;0;23;1;0;0;1;14;1,96000003814697;3,66356158256531;3,71357202529907;1;3,66356158256531
"859";171;6;15;32;3;0;47;82;0;23;1;0;0;1;14;1,96000003814697;3,82864141464233;3,85014748573303;1;3,82864141464233
"860";168;6;10;34;2;0;46;82;0;23;1;0;0;0;14;1,96000003814697;3,89182019233704;3,82864141464233;1;3,89182019233704
"861";170;6;25;8;2;0;41;52;0;23;1;1;0;0;18;3,24000000953674;3,78418970108032;3,71357202529907;1;3,78418970108032
"862";165;6;10;29;3;0;50;82;1;24;0;1;0;0;16;2,55999994277954;3,89182019233704;3,91202306747437;1;3,89182019233704
"863";160;6;20;49;2;0;51;47;1;24;1;1;0;0;20;4;3,63758611679077;3,93182563781738;1;3,63758611679077
"864";194;4;6;33;2;0;51;22;1;24;0;1;0;1;12;1,44000005722046;3,29583692550659;3,93182563781738;1;3,29583692550659
"865";167;6;15;25;2;0;45;52;1;24;1;1;0;0;16;2,55999994277954;3,78418970108032;3,80666255950928;1;3,78418970108032
"866";168;6;20;20;2;0;40;47;1;24;0;1;0;0;16;2,55999994277954;3,66356158256531;3,68887948989868;1;3,66356158256531
"867";182;3;30;13;2;0;39;37;1;24;1;0;0;0;14;1,96000003814697;3,58351898193359;3,66356158256531;1;3,58351898193359
"868";166;6;45;14;2;0;44;32;1;24;0;1;0;0;14;1,96000003814697;3,82864141464233;3,78418970108032;1;3,82864141464233
"869";160;5;3;31;2;0;52;67;1;24;1;1;0;0;14;1,96000003814697;4,11087369918823;3,95124363899231;1;4,11087369918823
"870";156;6;15;18;2;0;39;62;1;24;1;1;0;0;14;1,96000003814697;3,91202306747437;3,66356158256531;1;3,91202306747437
"871";180;3;5;28;4;1;34;82;1;24;1;1;0;0;12;1,44000005722046;3,52636051177979;3,52636051177979;1;3,52636051177979
"872";164;4;10;18;2;0;37;32;1;24;1;1;0;0;14;1,96000003814697;3,66356158256531;3,61091780662537;1;3,66356158256531
"873";168;6;18;26;3;0;44;31;1;24;1;1;0;0;14;1,96000003814697;3,71357202529907;3,78418970108032;1;3,71357202529907
"874";171;6;45;35;2;0;45;47;1;24;1;1;0;0;14;1,96000003814697;3,97029185295105;3,80666255950928;1;3,97029185295105
"875";166;6;15;30;3;0;30;47;1;24;0;1;0;1;14;1,96000003814697;3,68887948989868;3,40119743347168;1;3,68887948989868
"876";163;6;40;41;2;0;51;67;1;24;1;1;0;0;16;2,55999994277954;3,82864141464233;3,93182563781738;1;3,82864141464233
"877";168;3;5;30;2;0;40;67;1;24;0;1;0;0;16;2,55999994277954;3,61091780662537;3,68887948989868;1;3,61091780662537
"878";161;6;20;22;3;0;43;82;1;24;1;1;0;0;16;2,55999994277954;3,71357202529907;3,76120018959045;1;3,71357202529907
"879";163;6;60;14;2;0;39;50;1;24;0;1;0;0;16;2,55999994277954;3,49650764465332;3,66356158256531;1;3,49650764465332
"880";173;5;15;30;2;0;51;52;1;24;1;1;0;0;12;1,44000005722046;3,68887948989868;3,93182563781738;1;3,68887948989868
"881";158;6;20;42;2;1;43;47;1;24;1;1;0;0;14;1,96000003814697;4,00733327865601;3,76120018959045;1;4,00733327865601
"882";174;6;20;35;1;1;45;67;1;24;1;1;0;0;20;4;3,63758611679077;3,80666255950928;1;3,63758611679077
"883";174;6;45;30;3;0;41;67;1;24;0;1;0;0;14;1,96000003814697;3,63758611679077;3,71357202529907;1;3,63758611679077
"884";166;6;60;30;1;0;41;32;1;24;1;1;0;0;10;1;3,82864141464233;3,71357202529907;1;3,82864141464233
"885";161;6;35;20;2;0;52;52;1;24;1;1;0;0;14;1,96000003814697;4,04305124282837;3,95124363899231;1;4,04305124282837
"886";162;3;20;16;4;1;47;32;1;24;0;1;0;1;14;1,96000003814697;3,68887948989868;3,85014748573303;1;3,68887948989868
"887";187;4;10;21;3;1;29;82;1;24;0;1;0;1;16;2,55999994277954;3,7376697063446;3,36729574203491;1;3,7376697063446
"888";172;4;30;30;2;0;45;82;1;24;1;1;0;0;16;2,55999994277954;3,40119743347168;3,80666255950928;1;3,40119743347168
"889";172;5;20;13;1;0;33;47;1;24;1;0;0;0;10;1;3,33220458030701;3,49650764465332;1;3,33220458030701
"890";172;6;35;32;2;0;11;26;1;24;1;1;0;0;12;1,44000005722046;3,71357202529907;2,39789533615112;1;3,71357202529907
"891";158;6;15;33;3;0;47;18;1;24;1;1;0;0;14;1,96000003814697;3,68887948989868;3,85014748573303;1;3,68887948989868
"892";163;5;30;16;2;0;11;47;1;24;1;1;0;0;14;1,96000003814697;3,8712010383606;2,39789533615112;1;3,8712010383606
"893";180;4;10;33;3;0;49;52;1;24;0;1;0;0;10;1;3,58351898193359;3,89182019233704;1;3,58351898193359
"894";163;6;14;32;2;0;44;66;1;24;0;1;0;0;18;3,24000000953674;4,00733327865601;3,78418970108032;1;4,00733327865601
"895";170;6;10;30;2;0;51;77;1;24;1;1;0;0;16;2,55999994277954;3,68887948989868;3,93182563781738;1;3,68887948989868
"896";184;6;15;14;3;1;32;52;1;24;1;1;0;0;12;1,44000005722046;3,63758611679077;3,465735912323;1;3,63758611679077
"897";159;5;15;34;3;0;41;29;1;24;1;0;0;0;15;2,25;3,89182019233704;3,71357202529907;1;3,89182019233704
"898";153;6;25;37;2;0;50;32;1;24;1;0;0;0;16;2,55999994277954;4,09434461593628;3,91202306747437;1;4,09434461593628
"899";156;2;12;28;2;0;37;71;1;24;1;1;0;0;19;3,60999989509583;3,68887948989868;3,61091780662537;1;3,68887948989868
"900";159;6;15;38;2;0;44;32;1;24;1;1;0;0;14;1,96000003814697;3,7376697063446;3,78418970108032;1;3,7376697063446
"901";180;5;30;26;2;0;25;77;1;24;0;1;0;0;14;1,96000003814697;3,40119743347168;3,21887588500977;1;3,40119743347168
"902";169;4;45;18;3;0;48;47;1;24;0;0;0;0;16;2,55999994277954;3,78418970108032;3,8712010383606;1;3,78418970108032
